[
 {
  "serviceVersion": "1.0",
  "serviceId": "{serviceid}",
  "siteId": "{siteid}",
  "serviceNameResourceKey": "",
  "serviceNameDefault": "",
  "serviceDescriptionResourceKey": "",
  "serviceDescriptionDefault": "",
  "vendorNameResourceKey": "",
  "vendorNameDefault": "",
  "vendorProductInfoResourceKey": "",
  "vendorProductInfoDefault": "",
  "ownerId": "vpxd-extension-{machineid}@{domain_name}",
  "nodeId": "{lduid}",
  "serviceEndpoints": [
   {
    "url": "https://{pnid}:443/computepolicy",
    "sslTrust": "{ssltrust}",
    "endpointType": {
     "protocol": "vapi.json.https",
     "type": "com.vmware.vcenter.computepolicy"
    },
    "endpointAttributes": [
     {
      "key": "cis.common.ep.localurl",
      "value": "http://localhost:10080/computepolicy"
     }
    ]
   },
   {
    "url": "https://{pnid}:443/fault-domains",
    "sslTrust": "{ssltrust}",
    "endpointType": {
     "protocol": "vapi.json.https",
     "type": "com.vmware.vcenter.fault-domains"
    },
    "endpointAttributes": [
     {
      "key": "cis.common.ep.localurl",
      "value": "http://localhost:10080/fault-domains"
     }
    ]
   }
  ],
  "serviceAttributes": [
   {
    "key": "com.vmware.cis.cm.HostId",
    "value": "{machineid}"
   }
  ],
  "serviceType": {
   "product": "com.vmware.vcenter",
   "type": "vcenter.computepolicy"
  }
 },
 {
  "serviceVersion": "1.0",
  "serviceId": "{serviceid}",
  "siteId": "{siteid}",
  "serviceNameResourceKey": "cis.content-library.ServiceName",
  "serviceNameDefault": "",
  "serviceDescriptionResourceKey": "cis.content-library.ServiceDescription",
  "serviceDescriptionDefault": "",
  "vendorNameResourceKey": "",
  "vendorNameDefault": "",
  "vendorProductInfoResourceKey": "",
  "vendorProductInfoDefault": "",
  "ownerId": "vpxd-extension-{machineid}@{domain_name}",
  "nodeId": "{lduid}",
  "serviceEndpoints": [
   {
    "url": "https://{pnid}:443/cls/resourcebundle",
    "sslTrust": "{ssltrust}",
    "endpointType": {
     "protocol": "http",
     "type": "com.vmware.cis.common.resourcebundle"
    },
    "endpointAttributes": [
     {
      "key": "cis.common.ep.localurl",
      "value": "http://localhost:16666/cls/resourcebundle"
     },
     {
      "key": "com.vmware.cis.common.resourcebundle.basename",
      "value": "com.vmware.cis.cls.messages"
     }
    ]
   },
   {
    "url": "https://{pnid}:443/cls/cmhealthstatus",
    "sslTrust": "{ssltrust}",
    "endpointType": {
     "protocol": "rest",
     "type": "com.vmware.cis.common.healthstatus"
    },
    "endpointAttributes": [
     {
      "key": "cis.common.ep.localurl",
      "value": "http://localhost:16666/cls/cmhealthstatus"
     }
    ]
   },
   {
    "url": "https://{pnid}:443/cls/",
    "sslTrust": "{ssltrust}",
    "endpointType": {
     "protocol": "vapi.json.https",
     "type": "com.vmware.cis.data.provider"
    },
    "endpointAttributes": [
     {
      "key": "cis.common.ep.localurl",
      "value": "http://localhost:16666/cls/"
     }
    ]
   },
   {
    "url": "http://{pnid}:80/cls/",
    "sslTrust": "{ssltrust}",
    "endpointType": {
     "protocol": "vapi.json.http",
     "type": "com.vmware.cis.cls.vapi.http"
    },
    "endpointAttributes": []
   },
   {
    "url": "https://{pnid}:443/cls/",
    "sslTrust": "{ssltrust}",
    "endpointType": {
     "protocol": "vapi.json.https",
     "type": "com.vmware.cdc.provider"
    },
    "endpointAttributes": [
     {
      "key": "cis.common.ep.localurl",
      "value": "http://localhost:16666/cls/"
     }
    ]
   },
   {
    "url": "https://{pnid}:443/cls/",
    "sslTrust": "{ssltrust}",
    "endpointType": {
     "protocol": "vapi.json.https",
     "type": "com.vmware.cis.cls.vapi.https"
    },
    "endpointAttributes": [
     {
      "key": "cis.common.ep.localurl",
      "value": "http://localhost:16666/cls/"
     }
    ]
   }
  ],
  "serviceAttributes": [
   {
    "key": "com.vmware.cis.cm.GroupInternalId",
    "value": "com.vmware.cis.cls"
   },
   {
    "key": "com.vmware.cis.cm.ControlScript",
    "value": "service-control-default-vmon"
   },
   {
    "key": "com.vmware.cis.cm.GroupResourceKey",
    "value": "com.vmware.vdcs.cls-main.service_group_resource_key"
   },
   {
    "key": "com.vmware.cis.cm.HostId",
    "value": "{machineid}"
   }
  ],
  "serviceType": {
   "product": "com.vmware.cis",
   "type": "cis.cls"
  }
 },
 {
  "serviceVersion": "1.0",
  "serviceId": "{serviceid}",
  "siteId": "{siteid}",
  "serviceNameResourceKey": "com.vmware.vcenter.certificatemanagement.servicenameresource",
  "serviceNameDefault": "",
  "serviceDescriptionResourceKey": "com.vmware.vcenter.certificatemanagement.servicedescriptionresource",
  "serviceDescriptionDefault": "",
  "vendorNameResourceKey": "",
  "vendorNameDefault": "",
  "vendorProductInfoResourceKey": "",
  "vendorProductInfoDefault": "",
  "ownerId": "machine-{machineid}@{domain_name}",
  "nodeId": "{lduid}",
  "serviceEndpoints": [
   {
    "url": "https://{pnid}:443/certificatemanagement",
    "sslTrust": "{ssltrust}",
    "endpointType": {
     "protocol": "vapi.json.https",
     "type": "com.vmware.certificatemanagement.vapi"
    },
    "endpointAttributes": [
     {
      "key": "cis.common.ep.localurl",
      "value": "http://localhost:10096/certificatemanagement"
     },
     {
      "key": "com.vmware.vapi.metadata.cli.file.certificatemanagement",
      "value": "/usr/lib/vmware-certificatemanagement/config/metadata/com.vmware.vcenter_cli.json"
     },
     {
      "key": "com.vmware.vapi.metadata.authorization.file.certificatemanagement",
      "value": "/usr/lib/vmware-certificatemanagement/config/metadata/com.vmware.vcenter_authorization.json"
     },
     {
      "key": "com.vmware.vapi.metadata.routing.file.certificatemanagement",
      "value": "/usr/lib/vmware-certificatemanagement/config/metadata/com.vmware.vcenter_routing.json"
     },
     {
      "key": "com.vmware.vapi.metadata.metamodel.file.certificatemanagement",
      "value": "/usr/lib/vmware-certificatemanagement/config/metadata/com.vmware.vcenter_metamodel.json"
     },
     {
      "key": "com.vmware.vapi.metadata.authentication.file.certificatemanagement",
      "value": "/usr/lib/vmware-certificatemanagement/config/metadata/com.vmware.vcenter_authentication.json"
     }
    ]
   },
   {
    "url": "https://{pnid}:443",
    "sslTrust": "{ssltrust}",
    "endpointType": {
     "protocol": "gRPC",
     "type": "certificatemanagement"
    },
    "endpointAttributes": [
     {
      "key": "cis.common.ep.localurl",
      "value": "http://localhost:4002"
     }
    ]
   },
   {
    "url": "https://{pnid}:443/sca/resourcebundle/certificatemanagement-resource-bundle.zip",
    "sslTrust": "{ssltrust}",
    "endpointType": {
     "protocol": "http",
     "type": "com.vmware.cis.common.resourcebundle"
    },
    "endpointAttributes": [
     {
      "key": "com.vmware.cis.common.resourcebundle.basename",
      "value": "vcenter.certificatemanagement.ResourceBundle"
     }
    ]
   }
  ],
  "serviceAttributes": [
   {
    "key": "Subscribable",
    "value": "true"
   },
   {
    "key": "com.vmware.cis.cm.ControlScript",
    "value": "service-control-default-vmon"
   },
   {
    "key": "com.vmware.cis.cm.HostId",
    "value": "{machineid}"
   },
   {
    "key": "Syncable",
    "value": "ELM,SPOG"
   }
  ],
  "serviceType": {
   "product": "com.vmware.certificatemanagement",
   "type": "certificatemanagement"
  }
 },
 {
  "serviceVersion": "6.0.0",
  "serviceId": "{serviceid}",
  "siteId": "{siteid}",
  "serviceNameResourceKey": "com.vmware.vsan-health.label",
  "serviceNameDefault": "",
  "serviceDescriptionResourceKey": "com.vmware.vsan-health.summary",
  "serviceDescriptionDefault": "",
  "vendorNameResourceKey": "",
  "vendorNameDefault": "",
  "vendorProductInfoResourceKey": "",
  "vendorProductInfoDefault": "",
  "ownerId": "vpxd-extension-{machineid}@{domain_name}",
  "nodeId": "{lduid}",
  "serviceEndpoints": [
   {
    "url": "https://{pnid}:443/vsanHealth",
    "sslTrust": "{ssltrust}",
    "endpointType": {
     "protocol": "https",
     "type": "com.vmware.vsan-health"
    },
    "endpointAttributes": [
     {
      "key": "cis.common.ep.localurl",
      "value": "http://localhost:80/vsanHealth"
     },
     {
      "key": "company",
      "value": "VMware, Inc"
     },
     {
      "key": "adminEmail",
      "value": "noreply@vmware.com"
     }
    ]
   },
   {
    "url": "https://{pnid}:443/vsan/api",
    "sslTrust": "{ssltrust}",
    "endpointType": {
     "protocol": "vapi.json.https",
     "type": "com.vmware.vapi.vsan"
    },
    "endpointAttributes": [
     {
      "key": "cis.common.ep.localurl",
      "value": "http://localhost:80/vsan/api"
     }
    ]
   },
   {
    "url": "https://{pnid}:443/vsanHealth/health",
    "sslTrust": "{ssltrust}",
    "endpointType": {
     "protocol": "rest",
     "type": "com.vmware.cis.common.healthstatus"
    },
    "endpointAttributes": [
     {
      "key": "cis.common.ep.localurl",
      "value": "http://localhost:8006/vsanHealth/health"
     },
     {
      "key": "company",
      "value": "VMware, Inc"
     },
     {
      "key": "adminEmail",
      "value": "noreply@vmware.com"
     }
    ]
   },
   {
    "url": "https://{pnid}:443/sca/resourcebundle/vsanhealthResourceBundle.zip",
    "sslTrust": "{ssltrust}",
    "endpointType": {
     "protocol": "http",
     "type": "com.vmware.cis.common.resourcebundle"
    },
    "endpointAttributes": [
     {
      "key": "com.vmware.cis.common.resourcebundle.basename",
      "value": "vsanhealth.ResourceBundle"
     },
     {
      "key": "company",
      "value": "VMware, Inc"
     },
     {
      "key": "adminEmail",
      "value": "noreply@vmware.com"
     }
    ]
   }
  ],
  "serviceAttributes": [
   {
    "key": "com.vmware.cis.cm.ControlScript",
    "value": "service-control-default-vmon"
   },
   {
    "key": "com.vmware.cis.cm.HostId",
    "value": "{machineid}"
   }
  ],
  "serviceType": {
   "product": "com.vmware.vsan-health",
   "type": "vsan-health"
  }
 },
 {
  "serviceVersion": "8.0",
  "serviceId": "{serviceid}",
  "siteId": "{siteid}",
  "serviceNameResourceKey": "cis.sms.ServiceName",
  "serviceNameDefault": "",
  "serviceDescriptionResourceKey": "cis.sms.ServiceDescription",
  "serviceDescriptionDefault": "",
  "vendorNameResourceKey": "",
  "vendorNameDefault": "",
  "vendorProductInfoResourceKey": "",
  "vendorProductInfoDefault": "",
  "ownerId": "vpxd-extension-{machineid}@{domain_name}",
  "nodeId": "{lduid}",
  "serviceEndpoints": [
   {
    "url": "https://{pnid}:443/pbm/sdk",
    "sslTrust": "{ssltrust}",
    "endpointType": {
     "protocol": "https",
     "type": "com.vmware.vim.pbm"
    },
    "endpointAttributes": [
     {
      "key": "cis.common.ep.localurl",
      "value": "http://localhost:8190/pbm/sdk"
     }
    ]
   },
   {
    "url": "https://{pnid}:443/sms/sdk",
    "sslTrust": "{ssltrust}",
    "endpointType": {
     "protocol": "https",
     "type": "com.vmware.vim.sms"
    },
    "endpointAttributes": [
     {
      "key": "cis.common.ep.localurl",
      "value": "http://localhost:22000/sms/sdk"
     }
    ]
   },
   {
    "url": "https://{pnid}:443/pbm/vapi",
    "sslTrust": "{ssltrust}",
    "endpointType": {
     "protocol": "vapi.json.https",
     "type": "com.vmware.api.pbm"
    },
    "endpointAttributes": [
     {
      "key": "cis.common.ep.localurl",
      "value": "http://localhost:8190/pbm/vapi"
     }
    ]
   },
   {
    "url": "https://{pnid}:443/vslm/sdk",
    "sslTrust": "{ssltrust}",
    "endpointType": {
     "protocol": "https",
     "type": "com.vmware.vim.vslm"
    },
    "endpointAttributes": [
     {
      "key": "cis.common.ep.localurl",
      "value": "http://localhost:23000/vslm/sdk"
     }
    ]
   },
   {
    "url": "https://{pnid}:443/pbm/vmodl2/api",
    "sslTrust": "{ssltrust}",
    "endpointType": {
     "protocol": "vapi.json.https",
     "type": "com.vmware.vcenter.spbm"
    },
    "endpointAttributes": [
     {
      "key": "cis.common.ep.localurl",
      "value": "http://localhost:8190/pbm/vmodl2/api"
     }
    ]
   },
   {
    "url": "https://{pnid}:443/sms/resourcebundle",
    "sslTrust": "{ssltrust}",
    "endpointType": {
     "protocol": "http",
     "type": "com.vmware.cis.common.resourcebundle"
    },
    "endpointAttributes": [
     {
      "key": "cis.common.ep.localurl",
      "value": "http://localhost:22000/sms/resourcebundle"
     },
     {
      "key": "com.vmware.cis.common.resourcebundle.basename",
      "value": "cis.sms.ResourceBundle"
     },
     {
      "key": "com.vmware.cis.common.resourcebundle.version",
      "value": "2"
     }
    ]
   },
   {
    "url": "https://{pnid}:443/sms/HealthStatus",
    "sslTrust": "{ssltrust}",
    "endpointType": {
     "protocol": "rest",
     "type": "com.vmware.cis.common.healthstatus"
    },
    "endpointAttributes": [
     {
      "key": "cis.common.ep.localurl",
      "value": "http://localhost:22000/sms/HealthStatus"
     }
    ]
   }
  ],
  "serviceAttributes": [
   {
    "key": "com.vmware.cis.cm.ControlScript",
    "value": "service-control-default-vmon"
   },
   {
    "key": "com.vmware.cis.cm.HostId",
    "value": "{machineid}"
   }
  ],
  "serviceType": {
   "product": "com.vmware.vim.sms",
   "type": "sms"
  }
 },
 {
  "serviceVersion": "8.0.2",
  "serviceId": "{serviceid}",
  "siteId": "{siteid}",
  "serviceNameResourceKey": "cis.rbd.ServiceName",
  "serviceNameDefault": "",
  "serviceDescriptionResourceKey": "cis.rbd.ServiceDescription",
  "serviceDescriptionDefault": "",
  "vendorNameResourceKey": "",
  "vendorNameDefault": "",
  "vendorProductInfoResourceKey": "",
  "vendorProductInfoDefault": "",
  "ownerId": "vpxd-extension-{machineid}@{domain_name}",
  "nodeId": "{lduid}",
  "serviceEndpoints": [
   {
    "url": "https://{pnid}:6502/vmw/rbd/healthStatus",
    "sslTrust": "{ssltrust}",
    "endpointType": {
     "protocol": "rest",
     "type": "com.vmware.cis.common.healthstatus"
    },
    "endpointAttributes": [
     {
      "key": "company",
      "value": "VMware, Inc"
     },
     {
      "key": "adminEmail",
      "value": "noreply@vmware.com"
     }
    ]
   },
   {
    "url": "https://{pnid}:5480/vmware/resourceBundle/rbdResourceBundle.zip",
    "sslTrust": "{ssltrust}",
    "endpointType": {
     "protocol": "http",
     "type": "com.vmware.cis.common.resourcebundle"
    },
    "endpointAttributes": [
     {
      "key": "com.vmware.cis.common.resourcebundle.basename",
      "value": "rbd.ResourceBundle"
     },
     {
      "key": "company",
      "value": "VMware, Inc"
     },
     {
      "key": "adminEmail",
      "value": "noreply@vmware.com"
     }
    ]
   },
   {
    "url": "https://{pnid}:6502/vmw/rbd",
    "sslTrust": "{ssltrust}",
    "endpointType": {
     "protocol": "https",
     "type": "com.vmware.rbd"
    },
    "endpointAttributes": [
     {
      "key": "company",
      "value": "VMware, Inc"
     },
     {
      "key": "adminEmail",
      "value": "noreply@vmware.com"
     }
    ]
   },
   {
    "url": "https://{pnid}:6502/sdk",
    "sslTrust": "{ssltrust}",
    "endpointType": {
     "protocol": "vmomi",
     "type": "com.vmware.rbd"
    },
    "endpointAttributes": [
     {
      "key": "company",
      "value": "VMware, Inc"
     },
     {
      "key": "adminEmail",
      "value": "noreply@vmware.com"
     }
    ]
   }
  ],
  "serviceAttributes": [
   {
    "key": "com.vmware.cis.cm.ControlScript",
    "value": "service-control-default-vmon"
   },
   {
    "key": "com.vmware.cis.cm.HostId",
    "value": "{machineid}"
   }
  ],
  "serviceType": {
   "product": "com.vmware.rbd",
   "type": "rbd"
  }
 },
 {
  "serviceVersion": "1.8.0",
  "serviceId": "{vcserviceid}_com.vmware.vsphere.client",
  "siteId": "{siteid}",
  "serviceNameResourceKey": "com.vmware.vsphere.client.label",
  "serviceNameDefault": "",
  "serviceDescriptionResourceKey": "com.vmware.vsphere.client.summary",
  "serviceDescriptionDefault": "",
  "vendorNameResourceKey": "",
  "vendorNameDefault": "",
  "vendorProductInfoResourceKey": "",
  "vendorProductInfoDefault": "",
  "ownerId": "vpxd-{machineid}@{domain_name}",
  "nodeId": "",
  "serviceEndpoints": [
   {
    "url": "https://{pnid}:443/catalog/com.vmware.vsphere.client_catalog.zip",
    "sslTrust": [],
    "endpointType": {
     "protocol": "https",
     "type": "com.vmware.cis.common.resourcebundle"
    },
    "endpointAttributes": [
     {
      "key": "com.vmware.cis.common.resourcebundle.basename",
      "value": "cis.vcextension.com_vmware_vsphere_client.ResourceBundle"
     }
    ]
   }
  ],
  "serviceAttributes": [],
  "serviceType": {
   "product": "com.vmware.cis",
   "type": "com.vmware.vsphere.client"
  }
 },
 {
  "serviceVersion": "7.0.3",
  "serviceId": "{serviceid}",
  "siteId": "{siteid}",
  "serviceNameResourceKey": "cis.vsphere-ui.ServiceName",
  "serviceNameDefault": "",
  "serviceDescriptionResourceKey": "cis.vsphere-ui.ServiceDescription",
  "serviceDescriptionDefault": "",
  "vendorNameResourceKey": "",
  "vendorNameDefault": "",
  "vendorProductInfoResourceKey": "",
  "vendorProductInfoDefault": "",
  "ownerId": "vsphere-webclient-{machineid}@{domain_name}",
  "nodeId": "{lduid}",
  "serviceEndpoints": [
   {
    "url": "https://{pnid}:443/ui",
    "sslTrust": "{ssltrust}",
    "endpointType": {
     "protocol": "http",
     "type": "com.vmware.cis.client"
    },
    "endpointAttributes": [
     {
      "key": "cis.common.ep.localurl",
      "value": "http://localhost:5090/ui"
     }
    ]
   },
   {
    "url": "https://{pnid}:443/ui/healthstatus",
    "sslTrust": "{ssltrust}",
    "endpointType": {
     "protocol": "rest",
     "type": "com.vmware.cis.common.healthstatus"
    },
    "endpointAttributes": [
     {
      "key": "cis.common.ep.localurl",
      "value": "http://localhost:5090/ui/healthstatus"
     }
    ]
   },
   {
    "url": "https://{pnid}:443/ui/resources/vsphere-ui-resource-bundle.zip",
    "sslTrust": "{ssltrust}",
    "endpointType": {
     "protocol": "http",
     "type": "com.vmware.cis.common.resourcebundle"
    },
    "endpointAttributes": [
     {
      "key": "cis.common.ep.localurl",
      "value": "http://localhost:5090/ui/resources/vsphere-ui-resource-bundle.zip"
     },
     {
      "key": "com.vmware.cis.common.resourcebundle.basename",
      "value": "vsphere-ui.ResourceBundle"
     }
    ]
   }
  ],
  "serviceAttributes": [
   {
    "key": "com.vmware.cis.cm.GroupInternalId",
    "value": "com.vmware.vsphereui"
   },
   {
    "key": "com.vmware.cis.cm.HostId",
    "value": "{machineid}"
   }
  ],
  "serviceType": {
   "product": "com.vmware.cis",
   "type": "vsphereui"
  }
 },
 {
  "serviceVersion": "8.0.2",
  "serviceId": "{serviceid}",
  "siteId": "{siteid}",
  "serviceNameResourceKey": "cis.license.ServiceName",
  "serviceNameDefault": "",
  "serviceDescriptionResourceKey": "cis.license.ServiceDescription",
  "serviceDescriptionDefault": "",
  "vendorNameResourceKey": "",
  "vendorNameDefault": "",
  "vendorProductInfoResourceKey": "",
  "vendorProductInfoDefault": "",
  "ownerId": "machine-{machineid}@{domain_name}",
  "nodeId": "{lduid}",
  "serviceEndpoints": [
   {
    "url": "https://{pnid}:443/ls/slms",
    "sslTrust": "{ssltrust}",
    "endpointType": {
     "protocol": "vapi.json.https",
     "type": "com.vmware.cis.cs.license.slms"
    },
    "endpointAttributes": [
     {
      "key": "cis.common.ep.localurl",
      "value": "http://localhost:12080/ls/slms"
     },
     {
      "key": "com.vmware.vapi.metadata.metamodel.file",
      "value": "/etc/vmware-cis-license/metadata/com.vmware.cis.license.subscription_metadata.json"
     },
     {
      "key": "com.vmware.vapi.metadata.cli.file",
      "value": "/etc/vmware-cis-license/metadata/com.vmware.cis.license.subscription_metadata.json"
     },
     {
      "key": "com.vmware.vapi.metadata.routing.file",
      "value": "/etc/vmware-cis-license/metadata/com.vmware.cis.license.subscription_metadata.json"
     },
     {
      "key": "com.vmware.vapi.metadata.authentication.file",
      "value": "/etc/vmware-cis-license/metadata/com.vmware.cis.license.subscription_metadata.json"
     }
    ]
   },
   {
    "url": "https://{pnid}:443/ls/resourcebundle",
    "sslTrust": "{ssltrust}",
    "endpointType": {
     "protocol": "http",
     "type": "com.vmware.cis.common.resourcebundle"
    },
    "endpointAttributes": [
     {
      "key": "cis.common.ep.localurl",
      "value": "http://localhost:12080/ls/resourcebundle"
     },
     {
      "key": "com.vmware.cis.common.resourcebundle.basename",
      "value": "cis.license.ResourceBundle"
     }
    ]
   },
   {
    "url": "https://{pnid}:443/ls/sdk",
    "sslTrust": "{ssltrust}",
    "endpointType": {
     "protocol": "vmomi",
     "type": "com.vmware.cis.cs.license.sdk"
    },
    "endpointAttributes": [
     {
      "key": "cis.common.ep.localurl",
      "value": "http://localhost:12080/ls/sdk"
     }
    ]
   },
   {
    "url": "https://{pnid}:443/ls/healthstatus",
    "sslTrust": "{ssltrust}",
    "endpointType": {
     "protocol": "rest",
     "type": "com.vmware.cis.common.healthstatus"
    },
    "endpointAttributes": [
     {
      "key": "cis.common.ep.localurl",
      "value": "http://localhost:12080/ls/healthstatus"
     }
    ]
   },
   {
    "url": "https://{pnid}:443/ls/ph/sdk",
    "sslTrust": "{ssltrust}",
    "endpointType": {
     "protocol": "vmomi",
     "type": "com.vmware.ph.globalconfig.consentservice"
    },
    "endpointAttributes": [
     {
      "key": "cis.common.ep.localurl",
      "value": "http://localhost:12080/ls/ph/sdk"
     }
    ]
   }
  ],
  "serviceAttributes": [
   {
    "key": "com.vmware.cis.cm.ControlScript",
    "value": "service-control-default-vmon"
   },
   {
    "key": "com.vmware.cis.cm.GroupResourceKey",
    "value": "cis.license.ServiceGroup"
   },
   {
    "key": "com.vmware.cis.cm.HostId",
    "value": "{machineid}"
   }
  ],
  "serviceType": {
   "product": "com.vmware.cis",
   "type": "cs.license"
  }
 },
 {
  "serviceVersion": "1.0",
  "serviceId": "{serviceid}",
  "siteId": "{siteid}",
  "serviceNameResourceKey": "com.vmware.vcenter.svcaccountmgmt.servicenameresource",
  "serviceNameDefault": "",
  "serviceDescriptionResourceKey": "com.vmware.vcenter.svcaccountmgmt.servicedescriptionresource",
  "serviceDescriptionDefault": "",
  "vendorNameResourceKey": "",
  "vendorNameDefault": "",
  "vendorProductInfoResourceKey": "",
  "vendorProductInfoDefault": "",
  "ownerId": "machine-{machineid}@{domain_name}",
  "nodeId": "{lduid}",
  "serviceEndpoints": [
   {
    "url": "https://{pnid}:443/svcaccountmgmt/vapi",
    "sslTrust": "{ssltrust}",
    "endpointType": {
     "protocol": "vapi.json.https",
     "type": "com.vmware.vcenter.svcaccountmgmt.vapi"
    },
    "endpointAttributes": [
     {
      "key": "com.vmware.vapi.metadata.metamodel.file.svcaccountmgmt",
      "value": "/usr/lib/vmidentity/install/svcaccountmgmt/svcaccountmgmt_metamodel.json"
     },
     {
      "key": "com.vmware.vapi.metadata.routing.file.svcaccountmgmt",
      "value": "/usr/lib/vmidentity/install/svcaccountmgmt/svcaccountmgmt_routing.json"
     },
     {
      "key": "cis.common.ep.localurl",
      "value": "http://localhost:7080/svcaccountmgmt/vapi"
     },
     {
      "key": "com.vmware.vapi.metadata.authorization.file.svcaccountmgmt",
      "value": "/usr/lib/vmidentity/install/svcaccountmgmt/svcaccountmgmt_authorization.json"
     },
     {
      "key": "com.vmware.vapi.metadata.authentication.file.svcaccountmgmt",
      "value": "/usr/lib/vmidentity/install/svcaccountmgmt/svcaccountmgmt_authentication.json"
     },
     {
      "key": "com.vmware.vapi.metadata.cli.file.svcaccountmgmt",
      "value": "/usr/lib/vmidentity/install/svcaccountmgmt/svcaccountmgmt_cli.json"
     }
    ]
   },
   {
    "url": "https://{pnid}:443/sca/resourcebundle/svcaccountmgmt-resource-bundle.zip",
    "sslTrust": "{ssltrust}",
    "endpointType": {
     "protocol": "http",
     "type": "com.vmware.cis.common.resourcebundle"
    },
    "endpointAttributes": [
     {
      "key": "com.vmware.cis.common.resourcebundle.basename",
      "value": "vcenter.svcaccountmgmt.ResourceBundle"
     }
    ]
   }
  ],
  "serviceAttributes": [
   {
    "key": "com.vmware.cis.cm.HostId",
    "value": "{machineid}"
   }
  ],
  "serviceType": {
   "product": "com.vmware.vcenter.svcaccountmgmt",
   "type": "svcaccountmgmt"
  }
 },
 {
  "serviceVersion": "8.0",
  "serviceId": "{vcserviceid}",
  "siteId": "{siteid}",
  "serviceNameResourceKey": "AboutInfo.vpx.name",
  "serviceNameDefault": "",
  "serviceDescriptionResourceKey": "AboutInfo.vpx.name",
  "serviceDescriptionDefault": "",
  "vendorNameResourceKey": "",
  "vendorNameDefault": "",
  "vendorProductInfoResourceKey": "",
  "vendorProductInfoDefault": "",
  "ownerId": "vpxd-{machineid}@{domain_name}",
  "nodeId": "{lduid}",
  "serviceEndpoints": [
   {
    "url": "https://{pnid}:443/sdk",
    "sslTrust": "{ssltrust}",
    "endpointType": {
     "protocol": "vmomi",
     "type": "com.vmware.cis.data.provider"
    },
    "endpointAttributes": [
     {
      "key": "cis.common.ep.localurl",
      "value": "http://localhost:8085/sdk"
     }
    ]
   },
   {
    "url": "https://{pnid}:443/sdkTunnel",
    "sslTrust": "{ssltrust}",
    "endpointType": {
     "protocol": "vmomi",
     "type": "com.vmware.vim.extension"
    },
    "endpointAttributes": [
     {
      "key": "cis.common.ep.localurl",
      "value": "http://localhost:8085/sdkTunnel"
     }
    ]
   },
   {
    "url": "https://{pnid}:443/catalog/catalog.zip",
    "sslTrust": "{ssltrust}",
    "endpointType": {
     "protocol": "http",
     "type": "com.vmware.cis.common.resourcebundle"
    },
    "endpointAttributes": [
     {
      "key": "com.vmware.cis.common.resourcebundle.basename",
      "value": "cis.vc.ResourceBundle:cis.vc.vapi.provider.ResourceBundle:cis.vc.vapi.vmomi.ResourceBundle:cis.vc.hostprofiles.ResourceBundle:cis.vc.hostdiag.ResourceBundle:cis.vc.VirtualCenter.ResourceBundle"
     }
    ]
   },
   {
    "url": "https://{pnid}:443/sdk",
    "sslTrust": "{ssltrust}",
    "endpointType": {
     "protocol": "vmomi",
     "type": "com.vmware.cdc.provider"
    },
    "endpointAttributes": [
     {
      "key": "cis.common.ep.localurl",
      "value": "http://localhost:8085/sdk"
     }
    ]
   },
   {
    "url": "https://{pnid}:443/vcenter",
    "sslTrust": "{ssltrust}",
    "endpointType": {
     "protocol": "vapi.json.https",
     "type": "com.vmware.vapi.vcenter"
    },
    "endpointAttributes": [
     {
      "key": "cis.common.ep.localurl",
      "value": "http://localhost:8093/vcenter"
     },
     {
      "key": "com.vmware.vapi.metadata.authentication.remote",
      "value": "http://localhost:8093/vcenter"
     },
     {
      "key": "com.vmware.vapi.metadata.metamodel.remote",
      "value": "http://localhost:8093/vcenter"
     },
     {
      "key": "com.vmware.vapi.metadata.cli.remote",
      "value": "http://localhost:8093/vcenter"
     }
    ]
   },
   {
    "url": "https://{pnid}:443/sdk",
    "sslTrust": "{ssltrust}",
    "endpointType": {
     "protocol": "vmomi",
     "type": "com.vmware.vim"
    },
    "endpointAttributes": [
     {
      "key": "cis.common.ep.localurl",
      "value": "http://localhost:8085/sdk"
     }
    ]
   }
  ],
  "serviceAttributes": [
   {
    "key": "com.vmware.cis.cm.GroupInternalId",
    "value": "com.vmware.vim.vcenter"
   },
   {
    "key": "com.vmware.cis.cm.ControlScript",
    "value": "service-control-default-vmon"
   },
   {
    "key": "com.vmware.vim.vcenter.instanceName",
    "value": "{pnid}"
   },
   {
    "key": "com.vmware.cis.cm.HostId",
    "value": "{machineid}"
   }
  ],
  "serviceType": {
   "product": "com.vmware.cis",
   "type": "vcenterserver"
  }
 },
 {
  "serviceVersion": "1.0",
  "serviceId": "{serviceid}",
  "siteId": "{siteid}",
  "serviceNameResourceKey": "cis.vcha.ServiceName",
  "serviceNameDefault": "",
  "serviceDescriptionResourceKey": "cis.vcha.ServiceDescription",
  "serviceDescriptionDefault": "",
  "vendorNameResourceKey": "",
  "vendorNameDefault": "",
  "vendorProductInfoResourceKey": "",
  "vendorProductInfoDefault": "",
  "ownerId": "vpxd-extension@{domain_name}",
  "nodeId": "{lduid}",
  "serviceEndpoints": [
   {
    "url": "https://{pnid}:443/vcha/sdk",
    "sslTrust": "{ssltrust}",
    "endpointType": {
     "protocol": "vmomi",
     "type": "com.vmware.cis.data.provider"
    },
    "endpointAttributes": [
     {
      "key": "cis.common.ep.localurl",
      "value": "http://localhost:11080/vcha/sdk"
     }
    ]
   }
  ],
  "serviceAttributes": [
   {
    "key": "com.vmware.cis.cm.HostId",
    "value": "{machineid}"
   }
  ],
  "serviceType": {
   "product": "com.vmware.cis",
   "type": "vcha"
  }
 },
 {
  "serviceVersion": "1.1",
  "serviceId": "{serviceid}",
  "siteId": "{siteid}",
  "serviceNameResourceKey": "cis.perfcharts.ServiceName",
  "serviceNameDefault": "",
  "serviceDescriptionResourceKey": "cis.perfcharts.ServiceDescription",
  "serviceDescriptionDefault": "",
  "vendorNameResourceKey": "",
  "vendorNameDefault": "",
  "vendorProductInfoResourceKey": "",
  "vendorProductInfoDefault": "",
  "ownerId": "vsphere-webclient-{machineid}@{domain_name}",
  "nodeId": "{lduid}",
  "serviceEndpoints": [
   {
    "url": "https://{pnid}:443/statsreport/topn",
    "sslTrust": "{ssltrust}",
    "endpointType": {
     "protocol": "vapi.json.https",
     "type": "com.vmware.vcenter.stats.topn"
    },
    "endpointAttributes": [
     {
      "key": "cis.common.ep.localurl",
      "value": "http://localhost:13080/statsreport/topn"
     },
     {
      "key": "com.vmware.vapi.metadata.authentication.file.topn",
      "value": "/usr/lib/vmware-perfcharts/tc-instance/webapps/statsreport/WEB-INF/classes/metadata/com.vmware.vcenter.stats.topn_authentication.json"
     },
     {
      "key": "com.vmware.vapi.metadata.routing.file.topn",
      "value": "/usr/lib/vmware-perfcharts/tc-instance/webapps/statsreport/WEB-INF/classes/metadata/com.vmware.vcenter.stats.topn_routing.json"
     },
     {
      "key": "com.vmware.vapi.metadata.metamodel.file.topn",
      "value": "/usr/lib/vmware-perfcharts/tc-instance/webapps/statsreport/WEB-INF/classes/metadata/com.vmware.vcenter.stats.topn_metamodel.json"
     },
     {
      "key": "com.vmware.vapi.metadata.cli.file.topn",
      "value": "/usr/lib/vmware-perfcharts/tc-instance/webapps/statsreport/WEB-INF/classes/metadata/com.vmware.vcenter.stats.topn_cli.json"
     }
    ]
   },
   {
    "url": "https://{pnid}:443/statsreport/healthstatus",
    "sslTrust": "{ssltrust}",
    "endpointType": {
     "protocol": "rest",
     "type": "com.vmware.cis.common.healthstatus"
    },
    "endpointAttributes": [
     {
      "key": "cis.common.ep.localurl",
      "value": "http://localhost:13080/statsreport/healthstatus"
     }
    ]
   }
  ],
  "serviceAttributes": [
   {
    "key": "com.vmware.cis.cm.GroupInternalId",
    "value": "com.vmware.cis.perfcharts"
   },
   {
    "key": "com.vmware.cis.cm.ControlScript",
    "value": "service-control-default-vmon"
   },
   {
    "key": "com.vmware.cis.cm.HostId",
    "value": "{machineid}"
   }
  ],
  "serviceType": {
   "product": "com.vmware.cis",
   "type": "cs.perfcharts"
  }
 },
 {
  "serviceVersion": "0.1.6",
  "serviceId": "{serviceid}",
  "siteId": "{siteid}",
  "serviceNameResourceKey": "cis.wcpsvc.ServiceName",
  "serviceNameDefault": "",
  "serviceDescriptionResourceKey": "cis.wcpsvc.ServiceDescription",
  "serviceDescriptionDefault": "",
  "vendorNameResourceKey": "",
  "vendorNameDefault": "",
  "vendorProductInfoResourceKey": "",
  "vendorProductInfoDefault": "",
  "ownerId": "vpxd-extension-{machineid}@{domain_name}",
  "nodeId": "{lduid}",
  "serviceEndpoints": [
   {
    "url": "https://{pnid}:443/wcp/namespace_management/rest",
    "sslTrust": "{ssltrust}",
    "endpointType": {
     "protocol": "https",
     "type": "com.vmware.vcenter.wcp.namespace_management.rest"
    },
    "endpointAttributes": [
     {
      "key": "cis.common.ep.localurl",
      "value": "http://localhost:8920/wcp/namespace_management/rest"
     }
    ]
   },
   {
    "url": "https://{pnid}:443/wcp",
    "sslTrust": "{ssltrust}",
    "endpointType": {
     "protocol": "vapi.json.https",
     "type": "com.vmware.vcenter.wcp.vapi"
    },
    "endpointAttributes": [
     {
      "key": "com.vmware.vapi.metadata.metamodel.file.namespace_management",
      "value": "/etc/vmware/wcp/metadata/wcpsvc-provider/com.vmware.vcenter.namespace_management_metadata.json"
     },
     {
      "key": "com.vmware.vapi.metadata.cli.file.namespaces",
      "value": "/etc/vmware/wcp/metadata/wcpsvc-provider/com.vmware.vcenter.namespaces_metadata.json"
     },
     {
      "key": "cis.common.ep.localurl",
      "value": "http://localhost:8920/wcp"
     },
     {
      "key": "com.vmware.vapi.metadata.routing.file.namespace_management",
      "value": "/etc/vmware/wcp/metadata/wcpsvc-provider/com.vmware.vcenter.namespace_management_metadata.json"
     },
     {
      "key": "com.vmware.vapi.metadata.cli.file.namespace_management",
      "value": "/etc/vmware/wcp/metadata/wcpsvc-provider/com.vmware.vcenter.namespace_management_metadata.json"
     },
     {
      "key": "com.vmware.vapi.metadata.metamodel.file.namespaces",
      "value": "/etc/vmware/wcp/metadata/wcpsvc-provider/com.vmware.vcenter.namespaces_metadata.json"
     },
     {
      "key": "com.vmware.vapi.metadata.authentication.file.namespace_management",
      "value": "/etc/vmware/wcp/metadata/wcpsvc-provider/com.vmware.vcenter.namespace_management_metadata.json"
     },
     {
      "key": "com.vmware.vapi.metadata.routing.file.namespaces",
      "value": "/etc/vmware/wcp/metadata/wcpsvc-provider/com.vmware.vcenter.namespaces_metadata.json"
     },
     {
      "key": "com.vmware.vapi.metadata.authentication.file.namespaces",
      "value": "/etc/vmware/wcp/metadata/wcpsvc-provider/com.vmware.vcenter.namespaces_metadata.json"
     }
    ]
   },
   {
    "url": "https://{pnid}:443/wcp/resourcebundle/wcpsvcResourceBundle.zip",
    "sslTrust": "{ssltrust}",
    "endpointType": {
     "protocol": "http",
     "type": "com.vmware.cis.common.resourcebundle"
    },
    "endpointAttributes": [
     {
      "key": "cis.common.ep.localurl",
      "value": "http://localhost:8920/wcp/resourcebundle/wcpsvcResourceBundle.zip"
     },
     {
      "key": "com.vmware.cis.common.resourcebundle.basename",
      "value": "wcpsvc.wcpsvc"
     }
    ]
   }
  ],
  "serviceAttributes": [
   {
    "key": "com.vmware.cis.cm.HostId",
    "value": "{machineid}"
   }
  ],
  "serviceType": {
   "product": "com.vmware.vcenter",
   "type": "wcp"
  }
 },
 {
  "serviceVersion": "8.0.2",
  "serviceId": "{serviceid}",
  "siteId": "{siteid}",
  "serviceNameResourceKey": "cis.analytics.ServiceName",
  "serviceNameDefault": "",
  "serviceDescriptionResourceKey": "cis.analytics.ServiceDescription",
  "serviceDescriptionDefault": "",
  "vendorNameResourceKey": "",
  "vendorNameDefault": "",
  "vendorProductInfoResourceKey": "",
  "vendorProductInfoDefault": "",
  "ownerId": "vpxd-extension-{machineid}@{domain_name}",
  "nodeId": "{lduid}",
  "serviceEndpoints": [
   {
    "url": "https://{pnid}:443/analytics/healthstatus",
    "sslTrust": "{ssltrust}",
    "endpointType": {
     "protocol": "rest",
     "type": "com.vmware.cis.common.healthstatus"
    },
    "endpointAttributes": [
     {
      "key": "cis.common.ep.localurl",
      "value": "http://localhost:15080/analytics/healthstatus"
     }
    ]
   },
   {
    "url": "https://{pnid}:443/analytics/resourcebundle",
    "sslTrust": "{ssltrust}",
    "endpointType": {
     "protocol": "http",
     "type": "com.vmware.cis.common.resourcebundle"
    },
    "endpointAttributes": [
     {
      "key": "cis.common.ep.localurl",
      "value": "http://localhost:15080/analytics/resourcebundle"
     },
     {
      "key": "com.vmware.cis.common.resourcebundle.basename",
      "value": "ph.phservice.ResourceBundle"
     }
    ]
   },
   {
    "url": "https://{pnid}:443/analytics/telemetry/ph-stg/api/level",
    "sslTrust": "{ssltrust}",
    "endpointType": {
     "protocol": "https",
     "type": "telemetry.level.stage"
    },
    "endpointAttributes": [
     {
      "key": "cis.common.ep.localurl",
      "value": "http://localhost:15080/analytics/telemetry/ph-stg/api/level"
     }
    ]
   },
   {
    "url": "https://{pnid}:443/analytics/cloudhealth/sdk",
    "sslTrust": "{ssltrust}",
    "endpointType": {
     "protocol": "vmomi",
     "type": "com.vmware.ph.cloudhealth.sdk"
    },
    "endpointAttributes": [
     {
      "key": "cis.common.ep.localurl",
      "value": "http://localhost:15080/analytics/cloudhealth/sdk"
     }
    ]
   },
   {
    "url": "http://localhost:15080/analytics/telemetry/ph/api/hyper/send",
    "sslTrust": "{ssltrust}",
    "endpointType": {
     "protocol": "https",
     "type": "telemetry.send"
    },
    "endpointAttributes": []
   },
   {
    "url": "http://localhost:15080/analytics/telemetry/ph-stg/api/hyper/send",
    "sslTrust": "{ssltrust}",
    "endpointType": {
     "protocol": "https",
     "type": "telemetry.send.stage"
    },
    "endpointAttributes": []
   },
   {
    "url": "https://{pnid}:443/analytics/ceip/sdk",
    "sslTrust": "{ssltrust}",
    "endpointType": {
     "protocol": "vmomi",
     "type": "com.vmware.ph.ceip.sdk"
    },
    "endpointAttributes": [
     {
      "key": "cis.common.ep.localurl",
      "value": "http://localhost:15080/analytics/ceip/sdk"
     }
    ]
   },
   {
    "url": "http://localhost:15080/analytics/ph/api/*",
    "sslTrust": "{ssltrust}",
    "endpointType": {
     "protocol": "https",
     "type": "com.vmware.ph.api"
    },
    "endpointAttributes": []
   },
   {
    "url": "https://{pnid}:443/analytics/ceip/api/state",
    "sslTrust": "{ssltrust}",
    "endpointType": {
     "protocol": "https",
     "type": "com.vmware.ph.ceip.api.state"
    },
    "endpointAttributes": [
     {
      "key": "cis.common.ep.localurl",
      "value": "http://localhost:15080/analytics/ceip/api/state"
     }
    ]
   },
   {
    "url": "https://{pnid}:443/analytics/telemetry/ph/api/level",
    "sslTrust": "{ssltrust}",
    "endpointType": {
     "protocol": "https",
     "type": "telemetry.level"
    },
    "endpointAttributes": [
     {
      "key": "cis.common.ep.localurl",
      "value": "http://localhost:15080/analytics/telemetry/ph/api/level"
     }
    ]
   },
   {
    "url": "http://localhost:15080/analytics/ph-stg/api/*",
    "sslTrust": "{ssltrust}",
    "endpointType": {
     "protocol": "https",
     "type": "com.vmware.phstg.api"
    },
    "endpointAttributes": []
   }
  ],
  "serviceAttributes": [
   {
    "key": "com.vmware.cis.cm.ControlScript",
    "value": "service-control-default-vmon"
   },
   {
    "key": "com.vmware.cis.cm.GroupResourceKey",
    "value": "cis.analytics.ServiceGroup"
   },
   {
    "key": "com.vmware.cis.cm.HostId",
    "value": "{machineid}"
   }
  ],
  "serviceType": {
   "product": "com.vmware.ph",
   "type": "phservice"
  }
 },
 {
  "serviceVersion": "1.0",
  "serviceId": "{serviceid}",
  "siteId": "{siteid}",
  "serviceNameResourceKey": "com.vmware.vcenter.infraprofile.servicenameresource",
  "serviceNameDefault": "",
  "serviceDescriptionResourceKey": "com.vmware.vcenter.infraprofile.servicedescriptionresource",
  "serviceDescriptionDefault": "",
  "vendorNameResourceKey": "",
  "vendorNameDefault": "",
  "vendorProductInfoResourceKey": "",
  "vendorProductInfoDefault": "",
  "ownerId": "machine-{machineid}@{domain_name}",
  "nodeId": "{lduid}",
  "serviceEndpoints": [
   {
    "url": "https://{pnid}:443/infraprofile",
    "sslTrust": "{ssltrust}",
    "endpointType": {
     "protocol": "vapi.json.https",
     "type": "com.vmware.infraprofile.vapi"
    },
    "endpointAttributes": [
     {
      "key": "cis.common.ep.localurl",
      "value": "http://localhost:11098/infraprofile"
     }
    ]
   },
   {
    "url": "https://{pnid}:443/vcenter/settings/v1",
    "sslTrust": "{ssltrust}",
    "endpointType": {
     "protocol": "vapi.json.https",
     "type": "com.vmware.appliance.vcenter.settings.v1.vapi"
    },
    "endpointAttributes": [
     {
      "key": "cis.common.ep.localurl",
      "value": "http://localhost:11098/vcenter/settings/v1"
     }
    ]
   },
   {
    "url": "https://{pnid}:5480/vmware/resourceBundle/infraprofile-resource-bundle.zip",
    "sslTrust": "{ssltrust}",
    "endpointType": {
     "protocol": "http",
     "type": "com.vmware.cis.common.resourcebundle"
    },
    "endpointAttributes": [
     {
      "key": "com.vmware.cis.common.resourcebundle.basename",
      "value": "vcenter.infraprofile.ResourceBundle"
     }
    ]
   }
  ],
  "serviceAttributes": [
   {
    "key": "com.vmware.cis.cm.ControlScript",
    "value": "service-control-default-vmon"
   },
   {
    "key": "com.vmware.cis.cm.HostId",
    "value": "{machineid}"
   }
  ],
  "serviceType": {
   "product": "com.vmware.vcenter.infraprofile",
   "type": "infraprofile"
  }
 },
 {
  "serviceVersion": "1.0",
  "serviceId": "{serviceid}",
  "siteId": "{siteid}",
  "serviceNameResourceKey": "cis.vstats.ServiceName",
  "serviceNameDefault": "",
  "serviceDescriptionResourceKey": "cis.vstats.ServiceDescription",
  "serviceDescriptionDefault": "",
  "vendorNameResourceKey": "",
  "vendorNameDefault": "",
  "vendorProductInfoResourceKey": "",
  "vendorProductInfoDefault": "",
  "ownerId": "vpxd-extension-{machineid}@{domain_name}",
  "nodeId": "{lduid}",
  "serviceEndpoints": [
   {
    "url": "https://{pnid}:443/stats",
    "sslTrust": "{ssltrust}",
    "endpointType": {
     "protocol": "vapi.json.https",
     "type": "com.vmware.vstats.vapi"
    },
    "endpointAttributes": [
     {
      "key": "cis.common.ep.localurl",
      "value": "http://localhost:13180/stats"
     },
     {
      "key": "com.vmware.vapi.metadata.cli.file.vstats",
      "value": "/etc/vmware-vstats/metadata/vstats-svc-provider/com.vmware.vstats_metadata.json"
     },
     {
      "key": "com.vmware.vapi.metadata.metamodel.file.vstats",
      "value": "/etc/vmware-vstats/metadata/vstats-svc-provider/com.vmware.vstats_metadata.json"
     },
     {
      "key": "com.vmware.vapi.metadata.authentication.file.vstats",
      "value": "/etc/vmware-vstats/metadata/vstats-svc-provider/com.vmware.vstats_metadata.json"
     },
     {
      "key": "com.vmware.vapi.metadata.routing.file.vstats",
      "value": "/etc/vmware-vstats/metadata/vstats-svc-provider/com.vmware.vstats_metadata.json"
     }
    ]
   },
   {
    "url": "https://{pnid}:443/sca/resourcebundle/vstats-resourcebundle.zip",
    "sslTrust": "{ssltrust}",
    "endpointType": {
     "protocol": "http",
     "type": "com.vmware.cis.common.resourcebundle"
    },
    "endpointAttributes": [
     {
      "key": "com.vmware.cis.common.resourcebundle.basename",
      "value": "messages.ResourceBundle"
     }
    ]
   }
  ],
  "serviceAttributes": [
   {
    "key": "com.vmware.cis.cm.ControlScript",
    "value": "service-control-default-vmon"
   },
   {
    "key": "com.vmware.cis.cm.HostId",
    "value": "{machineid}"
   }
  ],
  "serviceType": {
   "product": "com.vmware.cis",
   "type": "cs.vstats"
  }
 },
 {
  "serviceVersion": "1.0",
  "serviceId": "{serviceid}",
  "siteId": "{siteid}",
  "serviceNameResourceKey": "",
  "serviceNameDefault": "",
  "serviceDescriptionResourceKey": "",
  "serviceDescriptionDefault": "",
  "vendorNameResourceKey": "",
  "vendorNameDefault": "",
  "vendorProductInfoResourceKey": "",
  "vendorProductInfoDefault": "",
  "ownerId": "5cc5ecb1-e871-4d3b-8763-fe7ffaffdc4e",
  "nodeId": "{lduid}",
  "serviceEndpoints": [
   {
    "url": "https://{pnid}:443/api/ui",
    "sslTrust": "{ssltrust}",
    "endpointType": {
     "protocol": "http",
     "type": "com.vmware.cis.plugin-api"
    },
    "endpointAttributes": []
   }
  ],
  "serviceAttributes": [],
  "serviceType": {
   "product": "com.vmware.cis",
   "type": "vsphereui-plugins"
  }
 },
 {
  "serviceVersion": "3.0",
  "serviceId": "{serviceid}",
  "siteId": "{siteid}",
  "serviceNameResourceKey": "",
  "serviceNameDefault": "",
  "serviceDescriptionResourceKey": "",
  "serviceDescriptionDefault": "",
  "vendorNameResourceKey": "",
  "vendorNameDefault": "",
  "vendorProductInfoResourceKey": "",
  "vendorProductInfoDefault": "",
  "ownerId": "vsphere-webclient-{machineid}@{domain_name}",
  "nodeId": "{lduid}",
  "serviceEndpoints": [
   {
    "url": "https://{pnid}:443/apigw",
    "sslTrust": "{ssltrust}",
    "endpointType": {
     "protocol": "http",
     "type": "com.vmware.vcenter.apigw"
    },
    "endpointAttributes": [
     {
      "key": "cis.common.ep.localurl",
      "value": "http://localhost:5090/apigw"
     }
    ]
   },
   {
    "url": "https://{pnid}:443/apigw/resourcebundle",
    "sslTrust": "{ssltrust}",
    "endpointType": {
     "protocol": "http",
     "type": "com.vmware.cis.common.resourcebundle"
    },
    "endpointAttributes": [
     {
      "key": "cis.common.ep.localurl",
      "value": "http://localhost:5090/apigw/resourcebundle"
     },
     {
      "key": "com.vmware.cis.common.resourcebundle.basename",
      "value": "vcenter.apigw.ResourceBundle"
     }
    ]
   }
  ],
  "serviceAttributes": [
   {
    "key": "Capabilities",
    "value": "VMODL1=VPXD,SPBM,VSANH,PHCH;REST=VAPI-EP-REST;ROUTE-BY-SSO-DOMAIN=AUTHZ,CLS,VAPI-EP,VLCM,HVC"
   },
   {
    "key": "com.vmware.cis.cm.HostId",
    "value": "{machineid}"
   }
  ],
  "serviceType": {
   "product": "com.vmware.vcenter",
   "type": "vcenter.apigw"
  }
 },
 {
  "serviceVersion": "1.0",
  "serviceId": "{serviceid}",
  "siteId": "{siteid}",
  "serviceNameResourceKey": "cis.vlcm.ServiceName",
  "serviceNameDefault": "",
  "serviceDescriptionResourceKey": "cis.vlcm.ServiceDescription",
  "serviceDescriptionDefault": "",
  "vendorNameResourceKey": "",
  "vendorNameDefault": "",
  "vendorProductInfoResourceKey": "",
  "vendorProductInfoDefault": "",
  "ownerId": "vpxd-extension-{machineid}@{domain_name}",
  "nodeId": "{lduid}",
  "serviceEndpoints": [
   {
    "url": "https://{pnid}:443/lcm/api",
    "sslTrust": "{ssltrust}",
    "endpointType": {
     "protocol": "vapi.json.https",
     "type": "com.vmware.vcenter.vlcm"
    },
    "endpointAttributes": [
     {
      "key": "cis.common.ep.localurl",
      "value": "http://localhost:12020/lcm/api"
     },
     {
      "key": "com.vmware.vapi.metadata.cli.file.lcm",
      "value": "/usr/lib/vmware-vlcm/vapi/metadata/com.vmware.vcenter.lcm_metadata.json"
     },
     {
      "key": "com.vmware.vapi.metadata.metamodel.file.lcm",
      "value": "/usr/lib/vmware-vlcm/vapi/metadata/com.vmware.vcenter.lcm_metadata.json"
     },
     {
      "key": "com.vmware.vapi.metadata.authentication.file.lcm",
      "value": "/usr/lib/vmware-vlcm/vapi/metadata/com.vmware.vcenter.lcm_metadata.json"
     }
    ]
   },
   {
    "url": "https://{pnid}:443/sca/resourcebundle/vlcm-resource-bundle.zip",
    "sslTrust": "{ssltrust}",
    "endpointType": {
     "protocol": "http",
     "type": "com.vmware.cis.common.resourcebundle"
    },
    "endpointAttributes": [
     {
      "key": "com.vmware.cis.common.resourcebundle.basename",
      "value": "vlcm.ResourceBundle"
     }
    ]
   }
  ],
  "serviceAttributes": [
   {
    "key": "com.vmware.cis.cm.ControlScript",
    "value": "service-control-default-vmon"
   },
   {
    "key": "com.vmware.cis.cm.HostId",
    "value": "{machineid}"
   }
  ],
  "serviceType": {
   "product": "com.vmware.cis",
   "type": "cis.vlcm"
  }
 },
 {
  "serviceVersion": "1.0",
  "serviceId": "{serviceid}",
  "siteId": "{siteid}",
  "serviceNameResourceKey": "cs.inventory.ServiceName",
  "serviceNameDefault": "",
  "serviceDescriptionResourceKey": "cs.inventory.ServiceDescription",
  "serviceDescriptionDefault": "",
  "vendorNameResourceKey": "",
  "vendorNameDefault": "",
  "vendorProductInfoResourceKey": "",
  "vendorProductInfoDefault": "",
  "ownerId": "vpxd-extension-{machineid}@{domain_name}",
  "nodeId": "{lduid}",
  "serviceEndpoints": [
   {
    "url": "https://{pnid}:443/invsvc/vapi",
    "sslTrust": "{ssltrust}",
    "endpointType": {
     "protocol": "vapi.json.https",
     "type": "com.vmware.cis.inventory.vapi"
    },
    "endpointAttributes": [
     {
      "key": "cis.common.ep.localurl",
      "value": "http://localhost:10080/invsvc/vapi"
     }
    ]
   },
   {
    "url": "https://{pnid}:443/invsvc/vmomi/sdk",
    "sslTrust": "{ssltrust}",
    "endpointType": {
     "protocol": "vmomi",
     "type": "com.vmware.cis.inventory.server"
    },
    "endpointAttributes": [
     {
      "key": "cis.common.ep.localurl",
      "value": "http://localhost:10080/invsvc/vmomi/sdk"
     }
    ]
   },
   {
    "url": "https://{pnid}:443/invsvc",
    "sslTrust": "{ssltrust}",
    "endpointType": {
     "protocol": "http",
     "type": "com.vmware.cis.inventory"
    },
    "endpointAttributes": [
     {
      "key": "cis.common.ep.localurl",
      "value": "http://localhost:10080/invsvc"
     }
    ]
   },
   {
    "url": "https://{pnid}:443/invsvc/vmomi/sdk",
    "sslTrust": "{ssltrust}",
    "endpointType": {
     "protocol": "vmomi",
     "type": "com.vmware.cis.tagging.server"
    },
    "endpointAttributes": [
     {
      "key": "cis.common.ep.localurl",
      "value": "http://localhost:10080/invsvc/vmomi/sdk"
     }
    ]
   },
   {
    "url": "https://{pnid}:443",
    "sslTrust": "{ssltrust}",
    "endpointType": {
     "protocol": "gRPC",
     "type": "tagging"
    },
    "endpointAttributes": [
     {
      "key": "cis.common.ep.localurl",
      "value": "http://localhost:4004"
     }
    ]
   },
   {
    "url": "https://{pnid}:443/invsvc/invsvc-health",
    "sslTrust": "{ssltrust}",
    "endpointType": {
     "protocol": "rest",
     "type": "com.vmware.cis.common.healthstatus"
    },
    "endpointAttributes": [
     {
      "key": "cis.common.ep.localurl",
      "value": "http://localhost:10080/invsvc/invsvc-health"
     }
    ]
   },
   {
    "url": "https://{pnid}:443/invsvc/invsvc-resource",
    "sslTrust": "{ssltrust}",
    "endpointType": {
     "protocol": "http",
     "type": "com.vmware.cis.common.resourcebundle"
    },
    "endpointAttributes": [
     {
      "key": "cis.common.ep.localurl",
      "value": "http://localhost:10080/invsvc/invsvc-resource"
     },
     {
      "key": "com.vmware.cis.common.resourcebundle.basename",
      "value": "cs.inventory.ResourceBundle"
     }
    ]
   }
  ],
  "serviceAttributes": [
   {
    "key": "com.vmware.cis.cm.GroupInternalId",
    "value": "cs"
   },
   {
    "key": "Subscribable",
    "value": "true"
   },
   {
    "key": "com.vmware.cis.cm.ControlScript",
    "value": "service-control-default-vmon"
   },
   {
    "key": "com.vmware.cis.cm.GroupResourceKey",
    "value": "cs.inventory.servicegroupresource"
   },
   {
    "key": "com.vmware.cis.cm.HostId",
    "value": "{machineid}"
   },
   {
    "key": "Syncable",
    "value": "ELM,SPOG"
   }
  ],
  "serviceType": {
   "product": "com.vmware.cis",
   "type": "cs.inventory"
  }
 },
 {
  "serviceVersion": "##SCA-VERSION##",
  "serviceId": "{serviceid}",
  "siteId": "{siteid}",
  "serviceNameResourceKey": "",
  "serviceNameDefault": "",
  "serviceDescriptionResourceKey": "",
  "serviceDescriptionDefault": "",
  "vendorNameResourceKey": "",
  "vendorNameDefault": "",
  "vendorProductInfoResourceKey": "",
  "vendorProductInfoDefault": "",
  "ownerId": "machine-{machineid}@{domain_name}",
  "nodeId": "{lduid}",
  "serviceEndpoints": [
   {
    "url": "https://{pnid}:443/sca",
    "sslTrust": "{ssltrust}",
    "endpointType": {
     "protocol": "vmomi",
     "type": "com.vmware.cis.sca"
    },
    "endpointAttributes": [
     {
      "key": "cis.common.ep.localurl",
      "value": "http://localhost:18091/sca"
     }
    ]
   }
  ],
  "serviceAttributes": [
   {
    "key": "com.vmware.cis.cm.HostId",
    "value": "{machineid}"
   }
  ],
  "serviceType": {
   "product": "com.vmware.cis",
   "type": "sca"
  }
 },
 {
  "serviceVersion": "1.0",
  "serviceId": "{serviceid}",
  "siteId": "{siteid}",
  "serviceNameResourceKey": "com.vmware.vcenter.topology.servicenameresource",
  "serviceNameDefault": "",
  "serviceDescriptionResourceKey": "com.vmware.vcenter.topology.servicedescriptionresource",
  "serviceDescriptionDefault": "",
  "vendorNameResourceKey": "",
  "vendorNameDefault": "",
  "vendorProductInfoResourceKey": "",
  "vendorProductInfoDefault": "",
  "ownerId": "machine-{machineid}@{domain_name}",
  "nodeId": "{lduid}",
  "serviceEndpoints": [
   {
    "url": "https://{pnid}:443/topologysvc",
    "sslTrust": "{ssltrust}",
    "endpointType": {
     "protocol": "vapi.json.https",
     "type": "com.vmware.topology.vapi"
    },
    "endpointAttributes": [
     {
      "key": "cis.common.ep.localurl",
      "value": "http://localhost:10098/topologysvc"
     },
     {
      "key": "com.vmware.vapi.metadata.metamodel.file.topologysvc",
      "value": "/usr/lib/vmware-topologysvc/config/metadata/com.vmware.vcenter_metadata.json"
     },
     {
      "key": "com.vmware.vapi.metadata.cli.file.topologysvc",
      "value": "/usr/lib/vmware-topologysvc/config/metadata/com.vmware.vcenter_metadata.json"
     },
     {
      "key": "com.vmware.vapi.metadata.authentication.file.topologysvc",
      "value": "/usr/lib/vmware-topologysvc/config/metadata/com.vmware.vcenter_metadata.json"
     },
     {
      "key": "com.vmware.vapi.metadata.authorization.file.topologysvc",
      "value": "/usr/lib/vmware-topologysvc/config/metadata/com.vmware.vcenter_metadata.json"
     },
     {
      "key": "com.vmware.vapi.metadata.routing.file.topologysvc",
      "value": "/usr/lib/vmware-topologysvc/config/metadata/com.vmware.vcenter_metadata.json"
     }
    ]
   },
   {
    "url": "https://{pnid}:443/sca/resourcebundle/topologysvc-resource-bundle.zip",
    "sslTrust": "{ssltrust}",
    "endpointType": {
     "protocol": "http",
     "type": "com.vmware.cis.common.resourcebundle"
    },
    "endpointAttributes": [
     {
      "key": "com.vmware.cis.common.resourcebundle.basename",
      "value": "vcenter.topologysvc.ResourceBundle"
     }
    ]
   }
  ],
  "serviceAttributes": [
   {
    "key": "com.vmware.cis.cm.ControlScript",
    "value": "service-control-default-vmon"
   },
   {
    "key": "com.vmware.cis.cm.HostId",
    "value": "{machineid}"
   }
  ],
  "serviceType": {
   "product": "com.vmware.vcenter.topology",
   "type": "topologysvc"
  }
 },
 {
  "serviceVersion": "8.0.2.22617221",
  "serviceId": "{serviceid}",
  "siteId": "{siteid}",
  "serviceNameResourceKey": "cis.updatemgr.ServiceName",
  "serviceNameDefault": "",
  "serviceDescriptionResourceKey": "cis.updatemgr.ServiceDescription",
  "serviceDescriptionDefault": "",
  "vendorNameResourceKey": "",
  "vendorNameDefault": "",
  "vendorProductInfoResourceKey": "",
  "vendorProductInfoDefault": "",
  "ownerId": "vpxd-extension-{machineid}@{domain_name}",
  "nodeId": "{lduid}",
  "serviceEndpoints": [
   {
    "url": "http://{pnid}:9084/vci/downloads/health.xml",
    "sslTrust": "{ssltrust}",
    "endpointType": {
     "protocol": "rest",
     "type": "com.vmware.cis.common.healthstatus"
    },
    "endpointAttributes": [
     {
      "key": "company",
      "value": "VMware, Inc"
     },
     {
      "key": "adminEmail",
      "value": "noreply@vmware.com"
     }
    ]
   },
   {
    "url": "https://{pnid}:9087/vci/downloads/vum-htmlclient.zip",
    "sslTrust": "{ssltrust}",
    "endpointType": {
     "protocol": "http",
     "type": "com.vmware.cis.vsphereclient.plugin"
    },
    "endpointAttributes": [
     {
      "key": "cis.common.ep.localurl",
      "value": "http://localhost:9085/vci/downloads/vum-htmlclient.zip"
     },
     {
      "key": "company",
      "value": "VMware, Inc"
     },
     {
      "key": "adminEmail",
      "value": "noreply@vmware.com"
     }
    ]
   },
   {
    "url": "https://{pnid}:443/esx-lcm",
    "sslTrust": "{ssltrust}",
    "endpointType": {
     "protocol": "vapi.json.https",
     "type": "com.vmware.vum.vapi"
    },
    "endpointAttributes": [
     {
      "key": "com.vmware.vapi.metadata.metamodel.file",
      "value": "/usr/lib/vmware-updatemgr/etc/cis_metamodel.json"
     },
     {
      "key": "com.vmware.vapi.metadata.cli.file",
      "value": "/usr/lib/vmware-updatemgr/etc/cis_cli.json"
     },
     {
      "key": "com.vmware.vapi.metadata.authorization.file",
      "value": "/usr/lib/vmware-updatemgr/etc/cis_authorization.json"
     },
     {
      "key": "com.vmware.vapi.metadata.cli.file.settings",
      "value": "/usr/lib/vmware-updatemgr/etc/settings_cli.json"
     },
     {
      "key": "com.vmware.vapi.metadata.authorization.file.health",
      "value": "/usr/lib/vmware-updatemgr/etc/health_authorization.json"
     },
     {
      "key": "com.vmware.vapi.metadata.authentication.file",
      "value": "/usr/lib/vmware-updatemgr/etc/cis_authentication.json"
     },
     {
      "key": "com.vmware.vapi.metadata.authorization.file.hosts",
      "value": "/usr/lib/vmware-updatemgr/etc/hosts_authorization.json"
     },
     {
      "key": "com.vmware.vapi.metadata.authentication.file.hosts",
      "value": "/usr/lib/vmware-updatemgr/etc/hosts_authentication.json"
     },
     {
      "key": "com.vmware.vapi.metadata.authorization.file.settings",
      "value": "/usr/lib/vmware-updatemgr/etc/settings_authorization.json"
     },
     {
      "key": "cis.common.ep.localurl",
      "value": "http://localhost:8083/esx-lcm"
     },
     {
      "key": "com.vmware.vapi.metadata.authentication.file.health",
      "value": "/usr/lib/vmware-updatemgr/etc/health_authentication.json"
     },
     {
      "key": "com.vmware.vapi.metadata.authorization.file.hcl",
      "value": "/usr/lib/vmware-updatemgr/etc/hcl_authorization.json"
     },
     {
      "key": "com.vmware.vapi.metadata.cli.file.hosts",
      "value": "/usr/lib/vmware-updatemgr/etc/hosts_cli.json"
     },
     {
      "key": "com.vmware.vapi.metadata.metamodel.file.health",
      "value": "/usr/lib/vmware-updatemgr/etc/health_metamodel.json"
     },
     {
      "key": "com.vmware.vapi.metadata.authentication.file.hcl",
      "value": "/usr/lib/vmware-updatemgr/etc/hcl_authentication.json"
     },
     {
      "key": "com.vmware.vapi.metadata.metamodel.file.hcl",
      "value": "/usr/lib/vmware-updatemgr/etc/hcl_metamodel.json"
     },
     {
      "key": "com.vmware.vapi.metadata.metamodel.file.hosts",
      "value": "/usr/lib/vmware-updatemgr/etc/hosts_metamodel.json"
     },
     {
      "key": "com.vmware.vapi.metadata.cli.file.hcl",
      "value": "/usr/lib/vmware-updatemgr/etc/hcl_cli.json"
     },
     {
      "key": "com.vmware.vapi.metadata.cli.file.health",
      "value": "/usr/lib/vmware-updatemgr/etc/health_cli.json"
     },
     {
      "key": "com.vmware.vapi.metadata.authentication.file.settings",
      "value": "/usr/lib/vmware-updatemgr/etc/settings_authentication.json"
     },
     {
      "key": "com.vmware.vapi.metadata.metamodel.file.settings",
      "value": "/usr/lib/vmware-updatemgr/etc/settings_metamodel.json"
     }
    ]
   },
   {
    "url": "https://{pnid}:8084/vci/sdk",
    "sslTrust": "{ssltrust}",
    "endpointType": {
     "protocol": "https",
     "type": "com.vmware.vcIntegrity"
    },
    "endpointAttributes": [
     {
      "key": "cis.common.ep.localurl",
      "value": "http://localhost:8086/vci/sdk"
     },
     {
      "key": "company",
      "value": "VMware, Inc"
     },
     {
      "key": "adminEmail",
      "value": "noreply@vmware.com"
     }
    ]
   },
   {
    "url": "https://{pnid}:443/vci/sdk",
    "sslTrust": "{ssltrust}",
    "endpointType": {
     "protocol": "https",
     "type": "com.vmware.vcIntegrity"
    },
    "endpointAttributes": [
     {
      "key": "cis.common.ep.localurl",
      "value": "http://localhost:8086/vci/sdk"
     },
     {
      "key": "company",
      "value": "VMware, Inc"
     },
     {
      "key": "adminEmail",
      "value": "noreply@vmware.com"
     }
    ]
   },
   {
    "url": "https://{pnid}:5480/vmware/resourceBundle/updatemgrResourceBundle.zip",
    "sslTrust": "{ssltrust}",
    "endpointType": {
     "protocol": "http",
     "type": "com.vmware.cis.common.resourcebundle"
    },
    "endpointAttributes": [
     {
      "key": "com.vmware.cis.common.resourcebundle.basename",
      "value": "updatemgr.task:updatemgr.event:updatemgr.fault:updatemgr.extension:updatemgr.auth:updatemgr.locmsg:"
     },
     {
      "key": "company",
      "value": "VMware, Inc"
     },
     {
      "key": "adminEmail",
      "value": "noreply@vmware.com"
     }
    ]
   }
  ],
  "serviceAttributes": [
   {
    "key": "com.vmware.cis.cm.ControlScript",
    "value": "service-control-default-vmon"
   },
   {
    "key": "com.vmware.cis.cm.HostId",
    "value": "{machineid}"
   }
  ],
  "serviceType": {
   "product": "com.vmware.vum",
   "type": "client"
  }
 },
 {
  "serviceVersion": "1.0",
  "serviceId": "{serviceid}",
  "siteId": "{siteid}",
  "serviceNameResourceKey": "com.vmware.vcenter.activedirectory.servicenameresource",
  "serviceNameDefault": "",
  "serviceDescriptionResourceKey": "com.vmware.vcenter.activedirectory.servicedescriptionresource",
  "serviceDescriptionDefault": "",
  "vendorNameResourceKey": "",
  "vendorNameDefault": "",
  "vendorProductInfoResourceKey": "",
  "vendorProductInfoDefault": "",
  "ownerId": "machine-{machineid}@{domain_name}",
  "nodeId": "{lduid}",
  "serviceEndpoints": [
   {
    "url": "https://{pnid}:443/system/vapi",
    "sslTrust": "{ssltrust}",
    "endpointType": {
     "protocol": "vapi.json.https",
     "type": "com.vmware.vcenter.activedirectory.vapi"
    },
    "endpointAttributes": [
     {
      "key": "com.vmware.vapi.metadata.metamodel.file.activedirectory",
      "value": "/usr/lib/vmidentity/install/activedirectory/activedirectory_metamodel.json"
     },
     {
      "key": "com.vmware.vapi.metadata.cli.file.activedirectory",
      "value": "/usr/lib/vmidentity/install/activedirectory/activedirectory_cli.json"
     },
     {
      "key": "cis.common.ep.localurl",
      "value": "http://localhost:7080/system/vapi"
     },
     {
      "key": "com.vmware.vapi.metadata.authorization.file.activedirectory",
      "value": "/usr/lib/vmidentity/install/activedirectory/activedirectory_authorization.json"
     },
     {
      "key": "com.vmware.vapi.metadata.authentication.file.activedirectory",
      "value": "/usr/lib/vmidentity/install/activedirectory/activedirectory_authentication.json"
     },
     {
      "key": "com.vmware.vapi.metadata.routing.file.activedirectory",
      "value": "/usr/lib/vmidentity/install/activedirectory/activedirectory_routing.json"
     }
    ]
   },
   {
    "url": "https://{pnid}:443/sca/resourcebundle/activedirectory-resource-bundle.zip",
    "sslTrust": "{ssltrust}",
    "endpointType": {
     "protocol": "http",
     "type": "com.vmware.cis.common.resourcebundle"
    },
    "endpointAttributes": [
     {
      "key": "com.vmware.cis.common.resourcebundle.basename",
      "value": "vcenter.activedirectory.ResourceBundle"
     }
    ]
   }
  ],
  "serviceAttributes": [
   {
    "key": "com.vmware.cis.cm.HostId",
    "value": "{machineid}"
   }
  ],
  "serviceType": {
   "product": "com.vmware.vcenter.activedirectory",
   "type": "activedirectory"
  }
 },
 {
  "serviceVersion": "6.0",
  "serviceId": "{serviceid}",
  "siteId": "{siteid}",
  "serviceNameResourceKey": "cis.applmgmt.ServiceName",
  "serviceNameDefault": "",
  "serviceDescriptionResourceKey": "cis.applmgmt.ServiceDescription",
  "serviceDescriptionDefault": "",
  "vendorNameResourceKey": "",
  "vendorNameDefault": "",
  "vendorProductInfoResourceKey": "",
  "vendorProductInfoDefault": "",
  "ownerId": "machine-{machineid}@{domain_name}",
  "nodeId": "{lduid}",
  "serviceEndpoints": [
   {
    "url": "https://{pnid}:443/applmgmt/RPC2",
    "sslTrust": "{ssltrust}",
    "endpointType": {
     "protocol": "http",
     "type": "com.vmware.applmgmt"
    },
    "endpointAttributes": [
     {
      "key": "company",
      "value": "VMware, Inc"
     },
     {
      "key": "adminEmail",
      "value": "noreply@vmware.com"
     }
    ]
   },
   {
    "url": "https://{pnid}:443/applmgmt/resourcebundle.zip",
    "sslTrust": "{ssltrust}",
    "endpointType": {
     "protocol": "http",
     "type": "com.vmware.cis.common.resourcebundle"
    },
    "endpointAttributes": [
     {
      "key": "com.vmware.cis.common.resourcebundle.basename",
      "value": "applmgmt.ResourceBundle"
     },
     {
      "key": "company",
      "value": "VMware, Inc"
     },
     {
      "key": "adminEmail",
      "value": "noreply@vmware.com"
     }
    ]
   },
   {
    "url": "https://{pnid}:5480/api",
    "sslTrust": "{ssltrust}",
    "endpointType": {
     "protocol": "vapi.json.https.public",
     "type": "com.vmware.applmgmt"
    },
    "endpointAttributes": [
     {
      "key": "com.vmware.vapi.metadata.authentication.remote",
      "value": "http://localhost:8201/api"
     },
     {
      "key": "com.vmware.vapi.metadata.metamodel.remote",
      "value": "http://localhost:8201/api"
     },
     {
      "key": "com.vmware.vapi.metadata.cli.remote",
      "value": "http://localhost:8201/api"
     }
    ]
   },
   {
    "url": "http://localhost:8201/api",
    "sslTrust": "{ssltrust}",
    "endpointType": {
     "protocol": "vapi.json.http",
     "type": "com.vmware.applmgmt"
    },
    "endpointAttributes": [
     {
      "key": "com.vmware.vapi.metadata.authentication.remote",
      "value": "http://localhost:8201/api"
     },
     {
      "key": "com.vmware.vapi.metadata.metamodel.remote",
      "value": "http://localhost:8201/api"
     },
     {
      "key": "com.vmware.vapi.metadata.cli.remote",
      "value": "http://localhost:8201/api"
     }
    ]
   },
   {
    "url": "https://{pnid}:443/applmgmt/appliance-health",
    "sslTrust": "{ssltrust}",
    "endpointType": {
     "protocol": "rest",
     "type": "com.vmware.cis.common.healthstatus"
    },
    "endpointAttributes": [
     {
      "key": "company",
      "value": "VMware, Inc"
     },
     {
      "key": "adminEmail",
      "value": "noreply@vmware.com"
     }
    ]
   },
   {
    "url": "https://{pnid}:5480/rest",
    "sslTrust": "{ssltrust}",
    "endpointType": {
     "protocol": "vapi.rest.https.public",
     "type": "com.vmware.applmgmt"
    },
    "endpointAttributes": []
   }
  ],
  "serviceAttributes": [
   {
    "key": "cis.common.showinui",
    "value": "false"
   },
   {
    "key": "com.vmware.cis.cm.ControlScript",
    "value": "service-control-default-vmon"
   },
   {
    "key": "com.vmware.cis.cm.HostId",
    "value": "{machineid}"
   }
  ],
  "serviceType": {
   "product": "com.vmware.applmgmt",
   "type": "applmgmt"
  }
 },
 {
  "serviceVersion": "1.0",
  "serviceId": "{serviceid}",
  "siteId": "{siteid}",
  "serviceNameResourceKey": "com.vmware.vcenter.trustmanagement.servicenameresource",
  "serviceNameDefault": "",
  "serviceDescriptionResourceKey": "com.vmware.vcenter.trustmanagement.servicedescriptionresource",
  "serviceDescriptionDefault": "",
  "vendorNameResourceKey": "",
  "vendorNameDefault": "",
  "vendorProductInfoResourceKey": "",
  "vendorProductInfoDefault": "",
  "ownerId": "machine-{machineid}@{domain_name}",
  "nodeId": "{lduid}",
  "serviceEndpoints": [
   {
    "url": "https://{pnid}:443/sca/resourcebundle/trustmanagement-resource-bundle.zip",
    "sslTrust": "{ssltrust}",
    "endpointType": {
     "protocol": "http",
     "type": "com.vmware.cis.common.resourcebundle"
    },
    "endpointAttributes": [
     {
      "key": "com.vmware.cis.common.resourcebundle.basename",
      "value": "vcenter.trustmanagement.ResourceBundle"
     }
    ]
   },
   {
    "url": "https://{pnid}:443/trustmanagement",
    "sslTrust": "{ssltrust}",
    "endpointType": {
     "protocol": "vapi.json.https",
     "type": "com.vmware.trustmanagement.vapi"
    },
    "endpointAttributes": [
     {
      "key": "cis.common.ep.localurl",
      "value": "http://localhost:10095/trustmanagement"
     },
     {
      "key": "com.vmware.vapi.metadata.authentication.file.trustmanagement",
      "value": "/usr/lib/vmware-trustmanagement/config/metadata/trustmanagement_authentication.json"
     },
     {
      "key": "com.vmware.vapi.metadata.metamodel.file.trustmanagement",
      "value": "/usr/lib/vmware-trustmanagement/config/metadata/trustmanagement_metamodel.json"
     },
     {
      "key": "com.vmware.vapi.metadata.routing.file.trustmanagement",
      "value": "/usr/lib/vmware-trustmanagement/config/metadata/trustmanagement_routing.json"
     },
     {
      "key": "com.vmware.vapi.metadata.cli.file.trustmanagement",
      "value": "/usr/lib/vmware-trustmanagement/config/metadata/trustmanagement_cli.json"
     },
     {
      "key": "com.vmware.vapi.metadata.authorization.file.trustmanagement",
      "value": "/usr/lib/vmware-trustmanagement/config/metadata/trustmanagement_authorization.json"
     }
    ]
   },
   {
    "url": "https://{pnid}:443",
    "sslTrust": "{ssltrust}",
    "endpointType": {
     "protocol": "gRPC",
     "type": "trustmanagement"
    },
    "endpointAttributes": [
     {
      "key": "cis.common.ep.localurl",
      "value": "http://localhost:4000"
     }
    ]
   }
  ],
  "serviceAttributes": [
   {
    "key": "Subscribable",
    "value": "true"
   },
   {
    "key": "com.vmware.cis.cm.ControlScript",
    "value": "service-control-default-vmon"
   },
   {
    "key": "com.vmware.cis.cm.HostId",
    "value": "{machineid}"
   },
   {
    "key": "Syncable",
    "value": "ELM,SPOG"
   }
  ],
  "serviceType": {
   "product": "com.vmware.trustmanagement",
   "type": "trustmanagement"
  }
 },
 {
  "serviceVersion": "1.0",
  "serviceId": "{serviceid}",
  "siteId": "{siteid}",
  "serviceNameResourceKey": "cis.vapi.endpoint.serviceNameResourceKey",
  "serviceNameDefault": "",
  "serviceDescriptionResourceKey": "cis.vapi.endpoint.serviceDescriptionResourceKey",
  "serviceDescriptionDefault": "",
  "vendorNameResourceKey": "",
  "vendorNameDefault": "",
  "vendorProductInfoResourceKey": "",
  "vendorProductInfoDefault": "",
  "ownerId": "vsphere-webclient-{machineid}@{domain_name}",
  "nodeId": "{lduid}",
  "serviceEndpoints": [
   {
    "url": "http://{pnid}:80/site/rest",
    "sslTrust": "{ssltrust}",
    "endpointType": {
     "protocol": "vapi.rest.http",
     "type": "com.vmware.vapi.endpoint"
    },
    "endpointAttributes": []
   },
   {
    "url": "https://{pnid}:443/site/api",
    "sslTrust": "{ssltrust}",
    "endpointType": {
     "protocol": "vapi.json.https",
     "type": "com.vmware.vapi.endpoint"
    },
    "endpointAttributes": [
     {
      "key": "cis.common.ep.localurl",
      "value": "http://localhost:12346/site/api"
     }
    ]
   },
   {
    "url": "https://{pnid}:443/vapiendpoint/resourcebundle",
    "sslTrust": "{ssltrust}",
    "endpointType": {
     "protocol": "http",
     "type": "com.vmware.cis.common.resourcebundle"
    },
    "endpointAttributes": [
     {
      "key": "cis.common.ep.localurl",
      "value": "http://localhost:12346/vapiendpoint/resourcebundle"
     },
     {
      "key": "com.vmware.cis.common.resourcebundle.basename",
      "value": "cis.endpoint.ResourceBundle:cis.vapi.rest.ResourceBundle:runtime:metadataservice:vcentershim"
     }
    ]
   },
   {
    "url": "http://{pnid}:80/api",
    "sslTrust": "{ssltrust}",
    "endpointType": {
     "protocol": "vapi.json.http.public",
     "type": "com.vmware.vapi.endpoint"
    },
    "endpointAttributes": []
   },
   {
    "url": "https://{pnid}:443/rest",
    "sslTrust": "{ssltrust}",
    "endpointType": {
     "protocol": "vapi.rest.https.public",
     "type": "com.vmware.vapi.endpoint"
    },
    "endpointAttributes": [
     {
      "key": "cis.common.ep.localurl",
      "value": "http://localhost:12346/rest"
     }
    ]
   },
   {
    "url": "https://{pnid}:443/site/rest",
    "sslTrust": "{ssltrust}",
    "endpointType": {
     "protocol": "vapi.rest.https",
     "type": "com.vmware.vapi.endpoint"
    },
    "endpointAttributes": [
     {
      "key": "cis.common.ep.localurl",
      "value": "http://localhost:12346/site/rest"
     }
    ]
   },
   {
    "url": "http://{pnid}:80/rest",
    "sslTrust": "{ssltrust}",
    "endpointType": {
     "protocol": "vapi.rest.http.public",
     "type": "com.vmware.vapi.endpoint"
    },
    "endpointAttributes": []
   },
   {
    "url": "http://{pnid}:80/site/api",
    "sslTrust": "{ssltrust}",
    "endpointType": {
     "protocol": "vapi.json.http",
     "type": "com.vmware.vapi.endpoint"
    },
    "endpointAttributes": []
   },
   {
    "url": "https://{pnid}:443/vapiendpoint/health",
    "sslTrust": "{ssltrust}",
    "endpointType": {
     "protocol": "rest",
     "type": "com.vmware.cis.common.healthstatus"
    },
    "endpointAttributes": [
     {
      "key": "cis.common.ep.localurl",
      "value": "http://localhost:12346/vapiendpoint/health"
     }
    ]
   },
   {
    "url": "https://{pnid}:443/api",
    "sslTrust": "{ssltrust}",
    "endpointType": {
     "protocol": "vapi.json.https.public",
     "type": "com.vmware.vapi.endpoint"
    },
    "endpointAttributes": [
     {
      "key": "cis.common.ep.localurl",
      "value": "http://localhost:12346/api"
     }
    ]
   }
  ],
  "serviceAttributes": [
   {
    "key": "com.vmware.cis.cm.GroupInternalId",
    "value": "com.vmware.vapi.endpoint"
   },
   {
    "key": "com.vmware.cis.cm.ControlScript",
    "value": "service-control-default-vmon"
   },
   {
    "key": "com.vmware.cis.cm.HostId",
    "value": "{machineid}"
   }
  ],
  "serviceType": {
   "product": "com.vmware.cis",
   "type": "cs.vapi"
  }
 },
 {
  "serviceVersion": "1.0",
  "serviceId": "{serviceid}",
  "siteId": "{siteid}",
  "serviceNameResourceKey": "cis.vsm.ServiceName",
  "serviceNameDefault": "",
  "serviceDescriptionResourceKey": "cis.vsm.ServiceDescription",
  "serviceDescriptionDefault": "",
  "vendorNameResourceKey": "",
  "vendorNameDefault": "",
  "vendorProductInfoResourceKey": "",
  "vendorProductInfoDefault": "",
  "ownerId": "vpxd-extension-{machineid}@{domain_name}",
  "nodeId": "{lduid}",
  "serviceEndpoints": [
   {
    "url": "https://{pnid}:443/vsm/sdk",
    "sslTrust": "{ssltrust}",
    "endpointType": {
     "protocol": "vmomi",
     "type": "com.vmware.cis.cs.vsm.sdk"
    },
    "endpointAttributes": [
     {
      "key": "cis.common.ep.localurl",
      "value": "http://localhost:15007/vsm/sdk"
     }
    ]
   },
   {
    "url": "https://{pnid}:443/vsm/healthstatus",
    "sslTrust": "{ssltrust}",
    "endpointType": {
     "protocol": "rest",
     "type": "com.vmware.cis.common.healthstatus"
    },
    "endpointAttributes": [
     {
      "key": "cis.common.ep.localurl",
      "value": "http://localhost:15007/vsm/healthstatus"
     }
    ]
   },
   {
    "url": "https://{pnid}:443/vsm/resourcebundle",
    "sslTrust": "{ssltrust}",
    "endpointType": {
     "protocol": "http",
     "type": "com.vmware.cis.common.resourcebundle"
    },
    "endpointAttributes": [
     {
      "key": "cis.common.ep.localurl",
      "value": "http://localhost:15007/vsm/resourcebundle"
     },
     {
      "key": "com.vmware.cis.common.resourcebundle.basename",
      "value": "cis.vsm.ResourceBundle"
     }
    ]
   }
  ],
  "serviceAttributes": [
   {
    "key": "com.vmware.cis.cm.ControlScript",
    "value": "service-control-default-vmon"
   },
   {
    "key": "com.vmware.cis.cm.GroupResourceKey",
    "value": "cis.vsm.ServiceGroup"
   },
   {
    "key": "com.vmware.cis.cm.HostId",
    "value": "{machineid}"
   }
  ],
  "serviceType": {
   "product": "com.vmware.cis",
   "type": "cs.vsm"
  }
 },
 {
  "serviceVersion": "8.0.2",
  "serviceId": "{serviceid}",
  "siteId": "{siteid}",
  "serviceNameResourceKey": "com.vmware.imagebuilder.label",
  "serviceNameDefault": "",
  "serviceDescriptionResourceKey": "com.vmware.imagebuilder.summary",
  "serviceDescriptionDefault": "",
  "vendorNameResourceKey": "",
  "vendorNameDefault": "",
  "vendorProductInfoResourceKey": "",
  "vendorProductInfoDefault": "",
  "ownerId": "vpxd-extension-{machineid}@{domain_name}",
  "nodeId": "{lduid}",
  "serviceEndpoints": [
   {
    "url": "https://{pnid}:443/vmw/imagebuilder/vmomi",
    "sslTrust": "{ssltrust}",
    "endpointType": {
     "protocol": "https",
     "type": "com.vmware.imagebuilder"
    },
    "endpointAttributes": [
     {
      "key": "cis.common.ep.localurl",
      "value": "http://localhost:8098/vmw/imagebuilder/vmomi"
     },
     {
      "key": "company",
      "value": "VMware, Inc"
     },
     {
      "key": "adminEmail",
      "value": "noreply@vmware.com"
     }
    ]
   },
   {
    "url": "https://{pnid}:443/vmw/imagebuilder/httpd/upload-depot",
    "sslTrust": "{ssltrust}",
    "endpointType": {
     "protocol": "https",
     "type": "com.vmware.imagebuilder.upload-depot"
    },
    "endpointAttributes": [
     {
      "key": "cis.common.ep.localurl",
      "value": "http://localhost:8099/vmw/imagebuilder/httpd/upload-depot"
     },
     {
      "key": "company",
      "value": "VMware, Inc"
     },
     {
      "key": "adminEmail",
      "value": "noreply@vmware.com"
     }
    ]
   },
   {
    "url": "https://{pnid}:443/vmw/imagebuilder/httpd/healthstatus",
    "sslTrust": "{ssltrust}",
    "endpointType": {
     "protocol": "rest",
     "type": "com.vmware.cis.common.healthstatus"
    },
    "endpointAttributes": [
     {
      "key": "cis.common.ep.localurl",
      "value": "http://localhost:8099/vmw/imagebuilder/httpd/healthstatus"
     },
     {
      "key": "company",
      "value": "VMware, Inc"
     },
     {
      "key": "adminEmail",
      "value": "noreply@vmware.com"
     }
    ]
   },
   {
    "url": "https://{pnid}:5480/vmware/resourceBundle/imagebuilderResourceBundle.zip",
    "sslTrust": "{ssltrust}",
    "endpointType": {
     "protocol": "http",
     "type": "com.vmware.cis.common.resourcebundle"
    },
    "endpointAttributes": [
     {
      "key": "com.vmware.cis.common.resourcebundle.basename",
      "value": "imagebuilder.ResourceBundle"
     },
     {
      "key": "company",
      "value": "VMware, Inc"
     },
     {
      "key": "adminEmail",
      "value": "noreply@vmware.com"
     }
    ]
   }
  ],
  "serviceAttributes": [
   {
    "key": "com.vmware.cis.cm.ControlScript",
    "value": "service-control-default-vmon"
   },
   {
    "key": "com.vmware.cis.cm.HostId",
    "value": "{machineid}"
   }
  ],
  "serviceType": {
   "product": "com.vmware.imagebuilder",
   "type": "imagebuilder"
  }
 },
 {
  "serviceVersion": "1.0",
  "serviceId": "{serviceid}",
  "siteId": "{siteid}",
  "serviceNameResourceKey": "com.vmware.vcenter.hvc.servicenameresource",
  "serviceNameDefault": "",
  "serviceDescriptionResourceKey": "com.vmware.vcenter.hvc.servicedescriptionresource",
  "serviceDescriptionDefault": "",
  "vendorNameResourceKey": "",
  "vendorNameDefault": "",
  "vendorProductInfoResourceKey": "",
  "vendorProductInfoDefault": "",
  "ownerId": "hvc-{machineid}@{domain_name}",
  "nodeId": "{lduid}",
  "serviceEndpoints": [
   {
    "url": "https://{pnid}:443",
    "sslTrust": "{ssltrust}",
    "endpointType": {
     "protocol": "gRPC",
     "type": "notification"
    },
    "endpointAttributes": [
     {
      "key": "cis.common.ep.localurl",
      "value": "http://localhost:4003"
     }
    ]
   },
   {
    "url": "https://{pnid}:443/sca/resourcebundle/hvc-resource-bundle.zip",
    "sslTrust": "{ssltrust}",
    "endpointType": {
     "protocol": "http",
     "type": "com.vmware.cis.common.resourcebundle"
    },
    "endpointAttributes": [
     {
      "key": "com.vmware.cis.common.resourcebundle.basename",
      "value": "vcenter.hvc.ResourceBundle"
     }
    ]
   },
   {
    "url": "https://{pnid}:443/hvc",
    "sslTrust": "{ssltrust}",
    "endpointType": {
     "protocol": "vapi.json.https",
     "type": "com.vmware.vcenter.hvc.vapi"
    },
    "endpointAttributes": [
     {
      "key": "cis.common.ep.localurl",
      "value": "http://localhost:10090/hvc"
     },
     {
      "key": "com.vmware.vapi.metadata.authentication.file.hvc",
      "value": "/usr/lib/vmware-hvc/config/metadata/hvc_authentication.json"
     },
     {
      "key": "com.vmware.vapi.metadata.metamodel.file.hvc",
      "value": "/usr/lib/vmware-hvc/config/metadata/hvc_metamodel.json"
     },
     {
      "key": "com.vmware.vapi.metadata.cli.file.hvc",
      "value": "/usr/lib/vmware-hvc/config/metadata/hvc_cli.json"
     },
     {
      "key": "com.vmware.vapi.metadata.routing.file.hvc",
      "value": "/usr/lib/vmware-hvc/config/metadata/hvc_routing.json"
     },
     {
      "key": "com.vmware.vapi.metadata.authorization.file.hvc",
      "value": "/usr/lib/vmware-hvc/config/metadata/hvc_authorization.json"
     }
    ]
   },
   {
    "url": "https://{pnid}:443",
    "sslTrust": "{ssltrust}",
    "endpointType": {
     "protocol": "gRPC",
     "type": "topology"
    },
    "endpointAttributes": [
     {
      "key": "cis.common.ep.localurl",
      "value": "http://localhost:4003"
     }
    ]
   }
  ],
  "serviceAttributes": [
   {
    "key": "com.vmware.cis.cm.ControlScript",
    "value": "service-control-default-vmon"
   },
   {
    "key": "com.vmware.cis.cm.HostId",
    "value": "{machineid}"
   },
   {
    "key": "deploymentCleanUpNeeded",
    "value": "false"
   },
   {
    "key": "Syncable",
    "value": "ELM,SPOG"
   }
  ],
  "serviceType": {
   "product": "com.vmware.vcenter",
   "type": "hvc"
  }
 },
 {
  "serviceVersion": "1.0",
  "serviceId": "{serviceid}",
  "siteId": "{siteid}",
  "serviceNameResourceKey": "com.vmware.vcenter.certificateauthority.servicenameresource",
  "serviceNameDefault": "",
  "serviceDescriptionResourceKey": "com.vmware.vcenter.certificateauthority.servicedescriptionresource",
  "serviceDescriptionDefault": "",
  "vendorNameResourceKey": "",
  "vendorNameDefault": "",
  "vendorProductInfoResourceKey": "",
  "vendorProductInfoDefault": "",
  "ownerId": "machine-{machineid}@{domain_name}",
  "nodeId": "{lduid}",
  "serviceEndpoints": [
   {
    "url": "https://{pnid}:443/certificateauthority",
    "sslTrust": "{ssltrust}",
    "endpointType": {
     "protocol": "vapi.json.https",
     "type": "com.vmware.certificateauthority.vapi"
    },
    "endpointAttributes": [
     {
      "key": "cis.common.ep.localurl",
      "value": "http://localhost:10102/certificateauthority"
     },
     {
      "key": "com.vmware.vapi.metadata.authentication.file.certificateauthority",
      "value": "/usr/lib/vmware-certificateauthority/config/metadata/com.vmware.vcenter_authentication.json"
     },
     {
      "key": "com.vmware.vapi.metadata.cli.file.certificateauthority",
      "value": "/usr/lib/vmware-certificateauthority/config/metadata/com.vmware.vcenter_cli.json"
     },
     {
      "key": "com.vmware.vapi.metadata.authorization.file.certificateauthority",
      "value": "/usr/lib/vmware-certificateauthority/config/metadata/com.vmware.vcenter_authorization.json"
     },
     {
      "key": "com.vmware.vapi.metadata.metamodel.file.certificateauthority",
      "value": "/usr/lib/vmware-certificateauthority/config/metadata/com.vmware.vcenter_metamodel.json"
     },
     {
      "key": "com.vmware.vapi.metadata.routing.file.certificateauthority",
      "value": "/usr/lib/vmware-certificateauthority/config/metadata/com.vmware.vcenter_routing.json"
     }
    ]
   },
   {
    "url": "https://{pnid}:443/sca/resourcebundle/certificateauthority-resource-bundle.zip",
    "sslTrust": "{ssltrust}",
    "endpointType": {
     "protocol": "http",
     "type": "com.vmware.cis.common.resourcebundle"
    },
    "endpointAttributes": [
     {
      "key": "com.vmware.cis.common.resourcebundle.basename",
      "value": "vcenter.certificateauthority.ResourceBundle"
     }
    ]
   }
  ],
  "serviceAttributes": [
   {
    "key": "com.vmware.cis.cm.ControlScript",
    "value": "service-control-default-vmon"
   },
   {
    "key": "com.vmware.cis.cm.HostId",
    "value": "{machineid}"
   }
  ],
  "serviceType": {
   "product": "com.vmware.certificateauthority",
   "type": "certificateauthority"
  }
 },
 {
  "serviceVersion": "1.0",
  "serviceId": "{serviceid}",
  "siteId": "{siteid}",
  "serviceNameResourceKey": "com.vmware.vcenter.observability.servicenameresource",
  "serviceNameDefault": "",
  "serviceDescriptionResourceKey": "com.vmware.vcenter.observability.servicedescriptionresource",
  "serviceDescriptionDefault": "",
  "vendorNameResourceKey": "",
  "vendorNameDefault": "",
  "vendorProductInfoResourceKey": "",
  "vendorProductInfoDefault": "",
  "ownerId": "machine-{machineid}@{domain_name}",
  "nodeId": "{lduid}",
  "serviceEndpoints": [
   {
    "url": "https://{pnid}:443/appliance/observability",
    "sslTrust": "{ssltrust}",
    "endpointType": {
     "protocol": "vapi.json.https",
     "type": "com.vmware.observability.vapi"
    },
    "endpointAttributes": [
     {
      "key": "cis.common.ep.localurl",
      "value": "http://localhost:13023/appliance/observability"
     },
     {
      "key": "com.vmware.vapi.metadata.routing.file.observability",
      "value": "/etc/vmware-observability/config/metadata/com.vmware.appliance.observability_metadata.json"
     },
     {
      "key": "com.vmware.vapi.metadata.authorization.file.observability",
      "value": "/etc/vmware-observability/config/metadata/com.vmware.appliance.observability_metadata.json"
     },
     {
      "key": "com.vmware.vapi.metadata.authentication.file.observability",
      "value": "/etc/vmware-observability/config/metadata/com.vmware.appliance.observability_metadata.json"
     },
     {
      "key": "com.vmware.vapi.metadata.cli.file.observability",
      "value": "/etc/vmware-observability/config/metadata/com.vmware.appliance.observability_metadata.json"
     },
     {
      "key": "com.vmware.vapi.metadata.metamodel.file.observability",
      "value": "/etc/vmware-observability/config/metadata/com.vmware.appliance.observability_metadata.json"
     }
    ]
   },
   {
    "url": "https://{pnid}:443/sca/resourcebundle/observability-resource-bundle.zip",
    "sslTrust": "{ssltrust}",
    "endpointType": {
     "protocol": "http",
     "type": "com.vmware.cis.common.resourcebundle"
    },
    "endpointAttributes": [
     {
      "key": "com.vmware.cis.common.resourcebundle.basename",
      "value": "vcenter.observability.ResourceBundle"
     }
    ]
   }
  ],
  "serviceAttributes": [
   {
    "key": "com.vmware.cis.cm.ControlScript",
    "value": "service-control-default-vmon"
   },
   {
    "key": "com.vmware.cis.cm.HostId",
    "value": "{machineid}"
   }
  ],
  "serviceType": {
   "product": "com.vmware.observability",
   "type": "observability"
  }
 },
 {
  "serviceVersion": "1.0",
  "serviceId": "{serviceid}",
  "siteId": "{siteid}",
  "serviceNameResourceKey": "cis.eam.ServiceName",
  "serviceNameDefault": "",
  "serviceDescriptionResourceKey": "cis.eam.ServiceDescription",
  "serviceDescriptionDefault": "",
  "vendorNameResourceKey": "",
  "vendorNameDefault": "",
  "vendorProductInfoResourceKey": "",
  "vendorProductInfoDefault": "",
  "ownerId": "vpxd-extension-{machineid}@{domain_name}",
  "nodeId": "{lduid}",
  "serviceEndpoints": [
   {
    "url": "https://{pnid}:443/eam/sdk",
    "sslTrust": "{ssltrust}",
    "endpointType": {
     "protocol": "vmomi",
     "type": "com.vmware.cis.cs.eam.sdk"
    },
    "endpointAttributes": [
     {
      "key": "cis.common.ep.localurl",
      "value": "http://localhost:15005/eam/sdk"
     }
    ]
   },
   {
    "url": "https://{pnid}:443/eam/healthstatus",
    "sslTrust": "{ssltrust}",
    "endpointType": {
     "protocol": "rest",
     "type": "com.vmware.cis.common.healthstatus"
    },
    "endpointAttributes": [
     {
      "key": "cis.common.ep.localurl",
      "value": "http://localhost:15005/eam/healthstatus"
     }
    ]
   },
   {
    "url": "https://{pnid}:443/eam/resourcebundle.jar",
    "sslTrust": "{ssltrust}",
    "endpointType": {
     "protocol": "http",
     "type": "com.vmware.cis.common.resourcebundle"
    },
    "endpointAttributes": [
     {
      "key": "cis.common.ep.localurl",
      "value": "http://localhost:15005/eam/resourcebundle.jar"
     },
     {
      "key": "com.vmware.cis.common.resourcebundle.basename",
      "value": "cis.eam.ResourceBundle"
     }
    ]
   }
  ],
  "serviceAttributes": [
   {
    "key": "com.vmware.cis.cm.ControlScript",
    "value": "service-control-default-vmon"
   },
   {
    "key": "com.vmware.cis.cm.GroupResourceKey",
    "value": "cis.eam.ServiceGroup"
   },
   {
    "key": "com.vmware.cis.cm.HostId",
    "value": "{machineid}"
   }
  ],
  "serviceType": {
   "product": "com.vmware.cis",
   "type": "cs.eam"
  }
 },
 {
  "serviceVersion": "1.0",
  "serviceId": "{serviceid}",
  "siteId": "{siteid}",
  "serviceNameResourceKey": "cs.authorization.servicenameresource",
  "serviceNameDefault": "",
  "serviceDescriptionResourceKey": "cs.authorization.servicedescriptionresource",
  "serviceDescriptionDefault": "",
  "vendorNameResourceKey": "",
  "vendorNameDefault": "",
  "vendorProductInfoResourceKey": "",
  "vendorProductInfoDefault": "",
  "ownerId": "vpxd-extension-{machineid}@{domain_name}",
  "nodeId": "{lduid}",
  "serviceEndpoints": [
   {
    "url": "https://{pnid}:443/invsvc/vmomi/sdk",
    "sslTrust": "{ssltrust}",
    "endpointType": {
     "protocol": "vmomi",
     "type": "com.vmware.cis.authorization.server"
    },
    "endpointAttributes": []
   },
   {
    "url": "https://{pnid}:443/invsvc/authz-resource",
    "sslTrust": "{ssltrust}",
    "endpointType": {
     "protocol": "http",
     "type": "com.vmware.cis.common.resourcebundle"
    },
    "endpointAttributes": [
     {
      "key": "com.vmware.cis.common.resourcebundle.basename",
      "value": "cs.authorization.ResourceBundle"
     }
    ]
   },
   {
    "url": "https://{pnid}:443/invsvc/authz-health",
    "sslTrust": "{ssltrust}",
    "endpointType": {
     "protocol": "rest",
     "type": "com.vmware.cis.common.healthstatus"
    },
    "endpointAttributes": []
   },
   {
    "url": "https://{pnid}:443/invsvc",
    "sslTrust": "{ssltrust}",
    "endpointType": {
     "protocol": "http",
     "type": "com.vmware.cis.authorization"
    },
    "endpointAttributes": []
   }
  ],
  "serviceAttributes": [
   {
    "key": "com.vmware.cis.cm.GroupInternalId",
    "value": "cs"
   },
   {
    "key": "com.vmware.cis.cm.ControlScript",
    "value": "service-control-default-vmon"
   },
   {
    "key": "com.vmware.cis.cm.GroupResourceKey",
    "value": "cs.authorization.servicegroupresource"
   },
   {
    "key": "com.vmware.cis.cm.HostId",
    "value": "{machineid}"
   }
  ],
  "serviceType": {
   "product": "com.vmware.cis",
   "type": "cs.authorization"
  }
 },
 {
  "serviceVersion": "1.0",
  "serviceId": "{serviceid}",
  "siteId": "{siteid}",
  "serviceNameResourceKey": "cs.keyvalue.servicenameresource",
  "serviceNameDefault": "",
  "serviceDescriptionResourceKey": "cs.keyvalue.servicedescriptionresource",
  "serviceDescriptionDefault": "",
  "vendorNameResourceKey": "",
  "vendorNameDefault": "",
  "vendorProductInfoResourceKey": "",
  "vendorProductInfoDefault": "",
  "ownerId": "vpxd-extension-{machineid}@{domain_name}",
  "nodeId": "{lduid}",
  "serviceEndpoints": [
   {
    "url": "https://{pnid}:443/invsvc/kv-resource",
    "sslTrust": "{ssltrust}",
    "endpointType": {
     "protocol": "http",
     "type": "com.vmware.cis.common.resourcebundle"
    },
    "endpointAttributes": [
     {
      "key": "com.vmware.cis.common.resourcebundle.basename",
      "value": "cs.keyvalue.ResourceBundle"
     }
    ]
   },
   {
    "url": "https://{pnid}:443/invsvc/kv-health",
    "sslTrust": "{ssltrust}",
    "endpointType": {
     "protocol": "rest",
     "type": "com.vmware.cis.common.healthstatus"
    },
    "endpointAttributes": []
   },
   {
    "url": "https://{pnid}:443/invsvc/vmomi/sdk",
    "sslTrust": "{ssltrust}",
    "endpointType": {
     "protocol": "vmomi",
     "type": "com.vmware.cis.kv.server"
    },
    "endpointAttributes": []
   },
   {
    "url": "https://{pnid}:443/invsvc",
    "sslTrust": "{ssltrust}",
    "endpointType": {
     "protocol": "http",
     "type": "com.vmware.cis.kv.client"
    },
    "endpointAttributes": [
     {
      "key": "cis.common.ep.localurl",
      "value": "http://localhost:10080/invsvc"
     }
    ]
   }
  ],
  "serviceAttributes": [
   {
    "key": "com.vmware.cis.cm.GroupInternalId",
    "value": "cs"
   },
   {
    "key": "com.vmware.cis.cm.ControlScript",
    "value": "service-control-default-vmon"
   },
   {
    "key": "com.vmware.cis.cm.GroupResourceKey",
    "value": "cs.keyvalue.servicegroupresource"
   },
   {
    "key": "com.vmware.cis.cm.HostId",
    "value": "{machineid}"
   }
  ],
  "serviceType": {
   "product": "com.vmware.cis",
   "type": "cs.keyvalue"
  }
 },
 {
  "serviceVersion": "1.0",
  "serviceId": "{serviceid}",
  "siteId": "{siteid}",
  "serviceNameResourceKey": "com.vmware.vcenter.tokenservice.servicenameresource",
  "serviceNameDefault": "",
  "serviceDescriptionResourceKey": "com.vmware.vcenter.tokenservice.servicedescriptionresource",
  "serviceDescriptionDefault": "",
  "vendorNameResourceKey": "",
  "vendorNameDefault": "",
  "vendorProductInfoResourceKey": "",
  "vendorProductInfoDefault": "",
  "ownerId": "machine-{machineid}@{domain_name}",
  "nodeId": "{lduid}",
  "serviceEndpoints": [
   {
    "url": "https://{pnid}:443/tokenservice/vapi",
    "sslTrust": "{ssltrust}",
    "endpointType": {
     "protocol": "vapi.json.https",
     "type": "com.vmware.vcenter.tokenservice.vapi"
    },
    "endpointAttributes": [
     {
      "key": "cis.common.ep.localurl",
      "value": "http://localhost:7080/tokenservice/vapi"
     },
     {
      "key": "com.vmware.vapi.metadata.metamodel.file.tokenservice",
      "value": "/usr/lib/vmidentity/install/tokenservice/tokenservice_metamodel.json"
     },
     {
      "key": "com.vmware.vapi.metadata.metamodel.file.vc_authn",
      "value": "/usr/lib/vmidentity/install/tokenservice/com.vmware.vcenter.authentication_metadata.json"
     },
     {
      "key": "com.vmware.vapi.metadata.authentication.file.tokenservice",
      "value": "/usr/lib/vmidentity/install/tokenservice/tokenservice_authentication.json"
     },
     {
      "key": "com.vmware.vapi.metadata.cli.file.vc_authn",
      "value": "/usr/lib/vmidentity/install/tokenservice/com.vmware.vcenter.authentication_metadata.json"
     },
     {
      "key": "com.vmware.vapi.metadata.authentication.file.vc_authn",
      "value": "/usr/lib/vmidentity/install/tokenservice/com.vmware.vcenter.authentication_metadata.json"
     },
     {
      "key": "com.vmware.vapi.metadata.cli.file.tokenservice",
      "value": "/usr/lib/vmidentity/install/tokenservice/tokenservice_cli.json"
     }
    ]
   },
   {
    "url": "https://{pnid}:443/sca/resourcebundle/tokenservice-resource-bundle.zip",
    "sslTrust": "{ssltrust}",
    "endpointType": {
     "protocol": "http",
     "type": "com.vmware.cis.common.resourcebundle"
    },
    "endpointAttributes": [
     {
      "key": "com.vmware.cis.common.resourcebundle.basename",
      "value": "vcenter.tokenservice.ResourceBundle"
     }
    ]
   }
  ],
  "serviceAttributes": [
   {
    "key": "com.vmware.cis.cm.HostId",
    "value": "{machineid}"
   }
  ],
  "serviceType": {
   "product": "com.vmware.vcenter.tokenservice",
   "type": "tokenservice"
  }
 },
 {
  "serviceVersion": "1.0",
  "serviceId": "{serviceid}",
  "siteId": "{siteid}",
  "serviceNameResourceKey": "",
  "serviceNameDefault": "",
  "serviceDescriptionResourceKey": "",
  "serviceDescriptionDefault": "",
  "vendorNameResourceKey": "",
  "vendorNameDefault": "",
  "vendorProductInfoResourceKey": "",
  "vendorProductInfoDefault": "",
  "ownerId": "vsphere-webclient-{machineid}@{domain_name}",
  "nodeId": "{lduid}",
  "serviceEndpoints": [
   {
    "url": "https://{pnid}:443/ds/vapi",
    "sslTrust": "{ssltrust}",
    "endpointType": {
     "protocol": "vapi.json.https",
     "type": "com.vmware.cis.ds.https"
    },
    "endpointAttributes": [
     {
      "key": "cis.common.ep.localurl",
      "value": "http://localhost:5090/ds/vapi"
     }
    ]
   }
  ],
  "serviceAttributes": [
   {
    "key": "com.vmware.cis.cm.HostId",
    "value": "{machineid}"
   }
  ],
  "serviceType": {
   "product": "com.vmware.cis",
   "type": "cs.ds"
  }
 }
]